boosting_type,colsample_bytree,force_col_wise,learning_rate,max_depth,num_leaves,reg_alpha,reg_lambda,subsample,loss,iteration
gbdt,0.9735283267781396,+,0.2114544041640868,5,72,0.12350672722781358,0.8025397042075193,0.500314913249308,2477.151337196199,244
gbdt,0.991543721715492,+,0.22828930070967826,5,40,0.3781049654943137,0.8014533768632995,0.6058812703428098,2479.0599008753584,260
gbdt,0.8480482910646926,+,0.21220685234389625,5,87,0.7923492532164234,0.4603316451508612,0.5450030449586342,2479.594954963078,156
gbdt,0.9864073753674107,+,0.2219730354758937,5,66,0.4799375435427187,0.8379322149885715,0.6626450936862769,2479.6128017349674,262
gbdt,0.7430149478922964,+,0.24001349572396724,5,86,0.441382099908045,0.0041435578760762315,0.5946370356410264,2479.626444096737,122
gbdt,0.9996603100135686,+,0.2161894634727783,5,87,0.3881645661846893,0.8587494793319819,0.5959882927120255,2480.2625682733124,258
gbdt,0.9730351355370483,+,0.19977329652674838,5,48,0.2988252495887269,0.7590936944024183,0.5419181995270977,2480.656218278724,230
gbdt,0.9155099148929841,+,0.22644705790686417,5,80,0.663585543134061,0.690653977143523,0.6318647514424277,2480.683206486397,295
gbdt,0.9516561475340481,+,0.22218637170252145,5,75,0.40742439808690456,0.07121381395845194,0.5927543321977186,2480.792218049459,186
gbdt,0.8250842161088241,+,0.21332871553506585,5,62,0.7677152965483464,0.34173074661602343,0.5347801436259174,2480.815643913611,104
gbdt,0.9706900769437715,+,0.188958320674181,5,69,0.5703397694941515,0.8765181137989845,0.6885459496581815,2480.821776987226,275
gbdt,0.9662237091108214,+,0.23532276278105488,5,70,0.5826139923351166,0.9682975553973033,0.6560793417616253,2481.0889474868304,266
gbdt,0.7984747615173321,+,0.2082950316330624,5,85,0.7065813418667845,0.07987088324038202,0.5115505791900026,2481.2037566524828,148
gbdt,0.8487155503862316,+,0.2220982516066358,5,62,0.7715834628957963,0.20678017424632042,0.5259775517076991,2481.296494021066,108
gbdt,0.8214325960436448,+,0.21408620050007737,5,62,0.7684619109791082,0.13784816485704254,0.5424888110930401,2481.407291975221,105
gbdt,0.8595110038814903,+,0.2215336997314065,5,96,0.7753643788278823,0.6170793585023162,0.7973100175434191,2481.413878350264,8
gbdt,0.9345778294445646,+,0.21498847853944544,5,57,0.44157203393320144,0.8317743169394756,0.616104708473777,2481.815923344921,280
gbdt,0.8260316266667798,+,0.19330645938538513,5,39,0.9697648970990467,0.5277545663270033,0.7165689038333556,2481.8296950173976,218
gbdt,0.817168352287841,+,0.22978233778272752,5,63,0.8275278945141454,0.17550234398084524,0.5345524362298466,2481.8710047556465,147
gbdt,0.9225693620268516,+,0.20697151231918348,5,76,0.2750600932737114,0.9988026379295305,0.642340700498558,2481.8956018845056,254
gbdt,0.977231843103993,+,0.19934595322807053,5,78,0.6148484085520947,0.7586578667174384,0.7159919717891812,2481.9550497270725,289
gbdt,0.9821590472493038,+,0.18289030661315148,5,64,0.4974169087201789,0.8848545878438061,0.7263679614529399,2482.156539372949,265
gbdt,0.7460421555511838,+,0.19970399534163594,5,87,0.8576829270821547,0.6367277761922039,0.5819442534672585,2482.363077565354,159
dart,0.9434340190231789,+,0.5810741157023132,5,96,0.7739764901659244,0.2802623070114107,0.7900807869774443,2482.6065145832645,26
dart,0.7036653727961514,+,0.5996441332540837,5,89,0.9797772854432726,0.5610932484016515,0.7412156937631973,2482.750308089568,66
gbdt,0.9273319434207817,+,0.23106283917443576,5,70,0.34334290404814527,0.26409195150004,0.6382676148935195,2482.951183537806,191
gbdt,0.8646473701888705,+,0.24469866040745888,5,43,0.3677546218581271,0.4349965187741922,0.7656411761844889,2482.9585615692467,145
dart,0.7239776831770554,+,0.5862305229627444,5,89,0.9624750299135552,0.5380518953267175,0.7109719702784396,2483.09161121046,48
gbdt,0.8892614453213109,+,0.2496033483217356,5,49,0.11108423718878724,0.6121465752759077,0.6097633573822372,2483.1361658757983,57
dart,0.6939968378158088,+,0.5710900312641001,5,82,0.9949625488249392,0.6601940771229845,0.7861309665243918,2483.229371838746,69
gbdt,0.9948625957665733,+,0.18612644278413426,5,46,0.41006927905658885,0.037295718885331175,0.60953788265688,2483.236684719953,190
gbdt,0.9050644488270106,+,0.25469409971628043,5,59,0.704774879998747,0.2469330736937565,0.6926584364638967,2483.473847287824,95
gbdt,0.8664064444043351,+,0.2382715127376767,5,52,0.864801419261788,0.39690285655234697,0.7593838611542836,2483.602426933278,79
gbdt,0.7645519591546367,+,0.26011080126053077,5,95,0.5030279428227763,0.1517026027790161,0.5663402920691311,2483.757288099941,155
gbdt,0.7159910861928088,+,0.23681688742393553,5,67,0.27491745633183273,0.0288212833952185,0.5871996123473147,2483.912956251799,124
gbdt,0.8340345697583853,+,0.19490572036478804,5,85,0.6866126123632417,0.08530394443035726,0.5145669722320158,2483.939708959267,149
gbdt,0.8319668885948726,+,0.20045884433283642,5,72,0.4775502576721569,0.31154658168930033,0.5458193212623168,2484.0238556367663,175
gbdt,0.7616517573862681,+,0.20565331451147478,5,60,0.9017706619533352,0.12840063581643865,0.5019489315335011,2484.240216306353,119
gbdt,0.7140346330448178,+,0.18051170648844647,5,67,0.5375101749605831,0.449663255954786,0.5691965896717791,2484.435436560685,212
gbdt,0.8813510745903834,+,0.18526664255230404,5,38,0.7792928676107967,0.09697490900896066,0.6327152959229412,2484.717156355542,114
gbdt,0.9316108198646947,+,0.2691580461773995,5,40,0.5415218624213157,0.7875648608583068,0.6626572289542811,2484.726777148338,263
gbdt,0.8005140068298617,+,0.2164923744807838,5,85,0.7904320074047531,0.34300016581543646,0.7991140102435484,2485.027694736992,169
gbdt,0.7683414110662655,+,0.22478658216935615,5,50,0.15645286093635247,0.2191755165477069,0.5080741387343387,2485.2978161626147,111
gbdt,0.9577785082974313,+,0.2931709388973045,5,92,0.4642936632829122,0.6412066820987322,0.6709797880821863,2485.30307352906,267
dart,0.7381464213432993,+,0.5711955967313911,5,76,0.8852463451446841,0.7570735449334683,0.9007991886619509,2485.481073122008,89
dart,0.9354857842920729,+,0.6487548745790175,5,96,0.9979955354555463,0.23490135588242161,0.8382798467163728,2485.6275256374074,24
gbdt,0.6857556520119007,+,0.23144442164942244,5,93,0.8483704409428359,0.49208097209319546,0.6323534936531667,2485.732210792943,225
gbdt,0.7990316201185081,+,0.16923612360772972,5,82,0.654455098424536,0.02245529384545766,0.6494334780632951,2486.007317246813,154
dart,0.7471845155291815,+,0.5152573652628714,5,71,0.7734090150379991,0.42801987607273495,0.7740407289549995,2486.14503902899,76
gbdt,0.9041031915054806,+,0.293126531749648,5,41,0.5348694963962416,0.8076287786249838,0.5167328923929726,2486.6039476630413,293
gbdt,0.7106516416172572,+,0.28631445139792483,5,86,0.9533862080367356,0.371943549764857,0.5614381594043303,2486.6054139026514,166
gbdt,0.793585556396595,+,0.26843818993624613,5,37,0.7721355541750841,0.1083560574054146,0.5125535246296897,2486.740818419539,29
gbdt,0.7603120522854292,+,0.17583197036149803,5,44,0.27888975180663456,0.7134502533106886,0.6721777933583386,2486.7834086326025,287
dart,0.9040685621211095,+,0.6606769073392119,5,46,0.4693665134477422,0.22030368575950066,0.7658020630047943,2486.833702700861,34
gbdt,0.632128134738478,+,0.2434497995401911,5,77,0.6413801359604416,0.90050234050023,0.6274158591579909,2486.868616870922,278
gbdt,0.9161778108001977,+,0.2701106513361925,5,45,0.2066907262727277,0.2701008550083098,0.5798084954177976,2486.92434416351,135
gbdt,0.9059216296676377,+,0.28667338346004095,5,44,0.31896023107090676,0.4746598525194846,0.7030537938546935,2486.990873200717,201
gbdt,0.9187705437519271,+,0.16862883275516347,5,45,0.48538806518317784,0.04610995935778263,0.5972952883174849,2487.164773737777,205
gbdt,0.8288543871228045,+,0.26946913655232974,5,77,0.7603326640626158,0.1598591776299441,0.5278591349903988,2487.2027129287058,117
gbdt,0.8530297977640987,+,0.15781290393815697,5,86,0.5020911737713547,0.4654638596485974,0.7281749360788434,2487.5834479101454,38
gbdt,0.7564368168724993,+,0.2869468010700304,5,48,0.5815254686150829,0.29207412992286363,0.5007149467057866,2487.7299224579733,151
gbdt,0.9108965190988332,+,0.27908417086092896,5,55,0.4045617808597627,0.9409270595400843,0.5880574550644887,2487.779757152965,282
gbdt,0.7779699037342122,+,0.27306642162191863,5,90,0.6251245908590395,0.7269868287717962,0.8049276309696983,2487.7817378803747,36
gbdt,0.7760890261446085,+,0.1597682683735916,5,31,0.5985784620088999,0.2939381850869534,0.6554914059678696,2488.1229537270765,121
gbdt,0.6989845766265746,+,0.1783098052490613,5,34,0.7048793884665729,0.554269616509544,0.6176981576786386,2488.175660080173,167
dart,0.912414613343643,+,0.7278488197677649,5,44,0.39943092646895356,0.7742604491211262,0.5867079860617883,2488.618773922635,39
gbdt,0.9795266915727503,+,0.16260913288371964,5,87,0.34523136660187376,0.8610271152417172,0.5650201086783256,2489.1271521423773,259
gbdt,0.8810861833513464,+,0.1571074085161738,5,67,0.4720018917325709,0.7773057887412254,0.7361138564925023,2489.290747394876,290
gbdt,0.9819538264738646,+,0.302245577071555,5,75,0.23149129197515392,0.004015317078577552,0.864814200578637,2489.428413778922,187
gbdt,0.726106097157665,+,0.17840820626789228,5,65,0.1380070159208032,0.7374922342607502,0.5523338266379447,2489.4429368076776,252
gbdt,0.8552129152213304,+,0.3074628897331521,5,35,0.47701010107164327,0.18433260797123255,0.6745507165677789,2489.5842312555446,138
dart,0.8472336506754105,+,0.437320731611665,5,32,0.7479665811660932,0.273470041500215,0.9618044952609502,2489.851816649896,80
gbdt,0.9256154457095077,+,0.31154517897439254,5,93,0.6514517383359573,0.8179589203260798,0.5051182468278007,2489.934309705382,59
gbdt,0.7654257809853363,+,0.16377656632010074,5,66,0.0027400473475404225,0.7250796225780773,0.6032709717225466,2489.973735540687,273
gbdt,0.7189345239358501,+,0.17168449201601627,5,78,0.5176719973282565,0.3446201802458764,0.6265021581920516,2490.0498578084557,130
gbdt,0.6885321082662577,+,0.31727277794198244,5,47,0.5163301370091177,0.28482483132818975,0.8192458309014022,2490.356555263327,172
gbdt,0.9564149549195136,+,0.3122479004206358,5,50,0.4867655006949275,0.6234261072020868,0.5597727358105381,2490.4378049034763,277
gbdt,0.7797346557544751,+,0.16602073198499662,5,64,0.6869757451328448,0.599334597591862,0.6799401303098392,2490.6837123487635,179
gbdt,0.8623670670860122,+,0.15598816624624073,5,63,0.21748761663586125,0.6163734598080248,0.5009759291869861,2490.7484198469742,216
gbdt,0.7298270260281476,+,0.15632972388716776,5,94,0.879501856863482,0.052592504959005776,0.6007022551468185,2491.1296617247563,152
gbdt,0.9927572565670044,+,0.30805891506531435,5,40,0.3852644824308333,0.9433331563134701,0.6261230125683515,2491.1486776943784,261
gbdt,0.8459912537847234,+,0.14772622881586842,5,82,0.10730746750093989,0.19054506380768133,0.5883122399159515,2491.2235424180526,224
gbdt,0.8089136711997246,+,0.1533236016674142,5,51,0.33080908940413634,0.5171725938063396,0.5159189185491881,2491.3049007851264,171
dart,0.6486822653112471,+,0.46076385076112747,5,94,0.8809890661949821,0.4880139163764802,0.8056226913827761,2491.6251798981625,68
dart,0.7370287807696168,+,0.7531870019587755,5,74,0.3988378378071842,0.11990678505469782,0.861846628354164,2492.050854942418,60
gbdt,0.7978383243325995,+,0.1466063710646386,5,62,0.6663968677577804,0.0050510810212994195,0.5656208025368027,2492.1698778440004,107
dart,0.8572507096317562,+,0.7895696756182108,5,58,0.04418617099557842,0.8964998379885621,0.8494455451021505,2492.344597402464,98
gbdt,0.6588935547196018,+,0.14680391363801928,5,57,0.43104661110093,0.19183169871197586,0.5547266276475904,2492.6238372156536,195
gbdt,0.8959745294280692,+,0.1475678475419053,5,80,0.10085285116131143,0.3781100057417951,0.6557776570016753,2492.754133039693,133
gbdt,0.791014990262402,+,0.3265486092970664,5,85,0.7218686411796162,0.10784421676305628,0.6220314191425259,2492.848530988246,150
dart,0.8482134396009249,+,0.8064990807345942,5,96,0.5592020436898194,0.3033684111507078,0.7973014845591315,2493.8904301801504,25
gbdt,0.7389604127056001,+,0.14543521070392076,5,68,0.33728836908572807,0.6565060243497576,0.6574884148905213,2493.955828858605,279
gbdt,0.8039502464624797,+,0.3330283453527548,5,98,0.47628151131606344,0.4734745094566831,0.977637374446773,2494.4247378106083,84
gbdt,0.9982614141636559,+,0.1400996057880016,5,40,0.4765030180481212,0.8330313417364423,0.6084593048761269,2494.630616083476,264
gbdt,0.78591884009873,+,0.14126455887211034,5,71,0.8368568017357034,0.5247259018048864,0.5462284062206206,2494.8674831209178,161
dart,0.9341579389362046,+,0.38566678571648844,5,30,0.981597111595258,0.15257507171296741,0.9142400769853948,2495.4473781456086,22
gbdt,0.973210852405168,+,0.13793688205456361,5,33,0.07175203538406327,0.9261901620436502,0.6182832877480917,2495.5841893164165,232
dart,0.8404879058548306,+,0.38485723299504554,5,53,0.854006175927892,0.5559282376388855,0.7468626148610514,2495.7351689362386,58
dart,0.8215578336647457,+,0.847900495591068,5,65,0.8111197633891083,0.7271949855571659,0.8325882268706684,2495.762517422893,82
dart,0.7782938664134282,+,0.39151717468639424,5,95,0.6791355040017734,0.5151070113309735,0.7241787954138905,2495.887432628918,71
dart,0.7520723284830206,+,0.8666735011282625,5,89,0.800516227793515,0.5706669374569504,0.6652582702671181,2496.00129781316,70
gbdt,0.9991661035412512,+,0.33429147781383983,5,66,0.5220112779442772,0.7777315361266478,0.6486888463239473,2496.609967141108,274
gbdt,0.8355015273049257,+,0.318822829483326,5,54,0.218053079296194,0.07009567595654786,0.5954276622571257,2496.8325627514077,40
dart,0.9643061016117032,+,0.35195797696254294,5,88,0.03378065716277891,0.7470986223561638,0.9387259624895293,2497.250172945943,291
gbdt,0.6774003934927069,+,0.35371665246850714,5,75,0.38984166327826786,0.07018770372668524,0.6535429559974205,2497.3342865805976,196
gbdt,0.7339927079698604,+,0.33438071521584284,5,86,0.46111543595417404,0.30855450991697514,0.5164085844370768,2497.369397851856,126
gbdt,0.8282288391185221,+,0.13470772614440363,5,62,0.6492917662795492,0.14116640456185325,0.5463374726379415,2497.4508857509586,146
gbdt,0.8556211058367594,+,0.13550180195189965,5,66,0.6158538969490956,0.36423375347688236,0.9083004150664555,2497.715153357041,181
gbdt,0.8707890645252186,+,0.12950174598131722,5,87,0.8006500782294484,0.46286146379628457,0.6405419741968923,2497.8862076891787,157
gbdt,0.9910637535811153,+,0.13030463150673466,5,31,0.6088891514909147,0.9987478151612347,0.6198802407739926,2498.020452005561,272
gbdt,0.9849645878752099,+,0.1264272582070737,5,72,0.12497671847818145,0.9452825620813539,0.5061309620122278,2498.495342250704,245
dart,0.6389983653861535,+,0.3888539830287766,5,30,0.9209817283659104,0.6370340314241265,0.6308684032130806,2499.204408049457,15
gbdt,0.6512763840133176,+,0.13955800050262315,5,66,0.5813032221455275,0.5812663848459438,0.5551435835803067,2499.282780881071,296
dart,0.999081632108282,+,0.34367058314015864,5,91,0.8930611361659586,0.8687864793264987,0.5014450707447262,2499.914661848819,45
gbdt,0.9815313283129785,+,0.3593648514801372,5,84,0.4390645559221945,0.9173840586996956,0.7084517866406275,2500.085527870832,270
gbdt,0.732551110644684,+,0.13191678432018525,5,56,0.42847218195202996,0.8648158943114409,0.7370421852852289,2500.533700550529,207
gbdt,0.8437938996906463,+,0.12540929076108234,5,91,0.727121257407631,0.26229256854798355,0.6158570296624087,2502.0051474167763,120
gbdt,0.9279358736909494,+,0.37251137866442907,5,49,0.5673122572133842,0.2539032434547339,0.5225153941723163,2502.305330604537,137
dart,0.8904069190248884,+,0.8926073643392719,5,84,0.943956058678149,0.6728978137723856,0.7609390619727466,2502.760177237467,96
gbdt,0.837787733246089,+,0.12098674923901136,5,58,0.5747255931265547,0.7393312506199894,0.5662051037435191,2503.4445151822147,183
gbdt,0.6680345894811704,+,0.34913198460809874,5,87,0.004173530071668985,0.4046493384111651,0.549546965987546,2503.541700905076,217
gbdt,0.8911201211606382,+,0.12086931737314786,5,83,0.9944814573523869,0.3304782487307961,0.5272860082856353,2503.659436342962,223
gbdt,0.9748240417937808,+,0.3775474887529491,5,51,0.12159763380039273,0.8151203104482152,0.5404784252229141,2503.979161603929,248
dart,0.6068387213316888,+,0.3608652905857078,5,97,0.9328360844556483,0.3639783610567151,0.6826813405721318,2504.3151980973894,74
gbdt,0.8230412154272073,+,0.11873436748391138,5,32,0.5954447475678879,0.5750072850070324,0.664881446361781,2504.350800214115,163
gbdt,0.8988244853409288,+,0.387530955734045,5,46,0.4605778554816972,0.8177646814058573,0.5796954053325529,2504.6786990208984,276
gbdt,0.9338749096404351,+,0.3228484805162703,5,81,0.4518684893362891,0.8195489851770043,0.8075538510241641,2505.732698445769,239
gbdt,0.6702021276241645,+,0.12237975468318779,5,72,0.5491415678825579,0.9147233479029526,0.53153615326916,2506.504562319334,288
gbdt,0.8683585404260683,+,0.4002895198868847,5,79,0.2421165535205137,0.017458152914241125,0.5364556073122567,2507.849551792577,209
gbdt,0.9500194565008011,+,0.4094753183033736,5,72,0.26093472815150986,0.4531046946456448,0.7850585988385953,2507.916125970234,92
gbdt,0.9509252371167211,+,0.10943280495333307,5,37,0.19184270461830974,0.17414568290687396,0.5953181875112911,2508.746209415106,192
gbdt,0.944801757979334,+,0.11404107397884557,5,37,0.36548279144731677,0.7374169657871041,0.7468171947139522,2508.9955412253903,271
gbdt,0.7418794511538547,+,0.36361520973081385,5,76,0.8954730466990636,0.41431075961034053,0.5879012133178926,2509.261196405196,173
gbdt,0.7937523571439771,+,0.11065723493941626,5,57,0.8053544856980236,0.33359955186247886,0.5628901475475566,2509.8941798629457,118
dart,0.6507633909380388,+,0.3194784234389247,5,69,0.4070605678193652,0.3506529640116541,0.98075693216216,2510.780333808247,208
gbdt,0.7286417724433288,+,0.11140157694803883,5,70,0.8236488165958639,0.5956409841882877,0.8419271479104724,2510.947085013651,101
dart,0.7066224765362241,+,0.2928632970960025,5,96,0.8397990496648949,0.8459827238455998,0.6109156123304963,2512.959777036408,73
gbdt,0.9679926568480545,+,0.4003311409292047,5,48,0.29340689835787487,0.7053584884589258,0.5553154577792181,2512.971021993309,233
gbdt,0.8415187521995007,+,0.10704409883724994,5,33,0.750619259096942,0.44789225599908866,0.7375874581311996,2513.550676217917,162
dart,0.7698235444123506,+,0.2969241794264016,5,96,0.4936393863678344,0.421605575198024,0.8826186162920359,2513.6382169521385,99
gbdt,0.8380850196513611,+,0.36017854513417596,5,90,0.38760177037114935,0.24555967960791175,0.6745258090490165,2513.834672949596,116
gbdt,0.7496263041041592,+,0.42618876726675564,5,58,0.5558235276275997,0.6961203478573048,0.6803689227391303,2515.902606180975,269
gbdt,0.9249478044403368,+,0.1040996504361788,5,91,0.3571215612369368,0.9673872724778279,0.5693022139393544,2516.209969287353,281
gbdt,0.9592807269646233,+,0.4303706529734109,5,55,0.8610541114999721,0.47622887874122455,0.5770204738368409,2516.289820302399,33
gbdt,0.9585807594431888,+,0.10319103616007008,5,75,0.25664570060454783,0.8909497333984739,0.6963391305807249,2516.7922764829477,237
gbdt,0.9387344533531565,+,0.4395983817097093,5,87,0.36739558401430356,0.32737591710692227,0.663360479822166,2519.2952524301686,189
gbdt,0.7053367252374099,+,0.4408315480642193,5,98,0.21567819280411657,0.9247529161891808,0.5776491948179616,2519.5818887605587,253
dart,0.9427647690467309,+,0.26374208069710003,5,62,0.9933861292547764,0.11336891871995303,0.9236247509766227,2519.762740556004,23
gbdt,0.8033998414232995,+,0.4183766273559326,5,44,0.4248119572827118,0.2252094352426211,0.60172116091934,2520.696536991028,129
dart,0.7448530735819499,+,0.2725552156333525,5,99,0.5051746378485034,0.37565177597661026,0.9400970214656439,2521.0950177977084,221
gbdt,0.7728296928556381,+,0.10020438768763623,5,99,0.41436544310742235,0.01638996705979373,0.554610982320973,2521.097875921,143
gbdt,0.7755972910949744,+,0.09613896933452623,5,81,0.5519265265686311,0.481979089018735,0.5077001641408309,2521.1996514299994,165
gbdt,0.8148922902930079,+,0.09355321933527463,5,94,0.6734249447233743,0.1468219744819083,0.510079634023739,2521.6716445672323,229
gbdt,0.8062082156955298,+,0.45930550994344743,5,36,0.7048041134996302,0.20769864159760287,0.5299098229717226,2522.1125583626376,153
gbdt,0.997706844156929,+,0.09488871725775132,5,60,0.2731596383119869,0.09678729673131539,0.5808267292694583,2522.895563447751,198
gbdt,0.8077775855877936,+,0.46047599452672944,5,86,0.40661874334880455,0.29758348953671604,0.9931853957682703,2523.3504120789453,222
gbdt,0.8763229800844375,+,0.4537767262344067,5,80,0.6073416388288739,0.5005897670360784,0.8661108035825841,2523.7579950717,50
gbdt,0.6864737684646716,+,0.09670820653799295,5,86,0.185802792239678,0.080403996493525,0.7296010920246148,2524.118971607425,125
gbdt,0.9577767937306173,+,0.09104084093377136,5,57,0.7807815649954026,0.018756840172167555,0.998523187864617,2525.55582250324,27
dart,0.9452088348354872,+,0.24718072341356548,5,86,0.24014844126742727,0.7142126306272791,0.5059114505751006,2525.701945423048,256
gbdt,0.9167127486386675,+,0.09038167707250588,5,73,0.026010224615787114,0.9048867666792523,0.5147505142608483,2526.150656271851,247
gbdt,0.8830038517587058,+,0.4810945536537509,5,77,0.35719372548390976,0.6404671796363681,0.6459746727214488,2528.492815780597,203
gbdt,0.7882460622111163,+,0.08996797558948409,5,68,0.74163537654312,0.5339477518979591,0.6428578532857934,2528.729420998382,97
dart,0.7790481009472788,+,0.24911888283705447,5,90,0.5960883436707476,0.799456316947221,0.9683543646229686,2528.792163394212,284
gbdt,0.9182976325419708,+,0.49647275081786074,5,96,0.5809559826712296,0.1519637882643825,0.8946607250502353,2529.347797109376,90
dart,0.9418859809921207,+,0.2308876979849351,5,36,0.7540703893564551,0.41103274023053094,0.6529295270007738,2530.77547968987,65
gbdt,0.9277943052685441,+,0.08702406334673173,5,39,0.5635745641944495,0.9391911349376505,0.5479455345459859,2530.9366209419118,298
gbdt,0.7249706773444625,+,0.49672961198602866,5,69,0.8178207553926481,0.37296436250778076,0.779375111512298,2531.727888213413,41
gbdt,0.645775326749155,+,0.08950937869732108,5,99,0.026023975483958295,0.18544159401850802,0.9453926908754736,2532.5602354195426,54
gbdt,0.8724713905849765,+,0.08403762402140871,5,62,0.5322433920172941,0.08798575446605633,0.5746336119031646,2533.349195711338,112
gbdt,0.8587026988431492,+,0.08320409526701456,5,42,0.6290895267654056,0.4895836347722415,0.6064469426376684,2534.445733191718,160
gbdt,0.7462611763482728,+,0.08306291911633855,5,54,0.32565990629314234,0.005265157785166286,0.6893536987786815,2534.936129337431,123
gbdt,0.8729239801492794,+,0.5086715516976571,5,38,0.6400100015740248,0.583369285641829,0.663374599087876,2536.8118443596227,16
gbdt,0.6017679177277302,+,0.4966426747895381,5,66,0.5203198826410931,0.8004156769949868,0.6358269370166019,2538.6062128109643,268
gbdt,0.9083005558061223,+,0.53487934931967,5,70,0.883315277380862,0.8373883555532842,0.6725448375132252,2540.0157178755617,3
gbdt,0.725633931528609,+,0.08028178185259356,5,79,0.41492177143808695,0.8401449277408856,0.6066318302858523,2540.492378082237,294
gbdt,0.6128939409458497,+,0.5053024227909412,5,40,0.14985006398265105,0.464782856255313,0.9588703629388373,2541.2950101208894,177
gbdt,0.9450568948757138,+,0.07895180814857382,5,48,0.08679024920742684,0.7593524385084232,0.6046996903924492,2542.5276904182333,234
gbdt,0.8755249772330431,+,0.07617804090894066,5,61,0.3881318477536425,0.39856298295311415,0.6294130130334804,2544.347136133681,168
gbdt,0.8898766431115028,+,0.5477140425016878,5,38,0.32160743364680366,0.5997113846694914,0.6987093203069683,2544.7466878739674,283
gbdt,0.6845657149096784,+,0.07767879332694827,5,76,0.7006214446213659,0.9554779863099281,0.6905323823987464,2545.184918488901,10
gbdt,0.9110431556675743,+,0.5413766688196844,5,50,0.5346462417550102,0.7132732281878476,0.7025957890247834,2545.550787806236,185
gbdt,0.6946326250139212,+,0.5443762709979194,5,93,0.5453713776854967,0.2310637944938353,0.5965700032834501,2546.183220649737,139
gbdt,0.946884991318667,+,0.0756646605080123,5,38,0.5163973152445838,0.42706219129171247,0.8783357370162299,2546.328286717768,204
dart,0.8877505702629412,+,0.20721400388146025,5,40,0.3584815225733641,0.8791358871980453,0.6816015479755677,2546.9345529733805,12
goss,0.7544283029894612,+,0.11712225751006251,5,98,0.3072581638887394,0.8814784176329411,1.0,2549.1136588430977,13
gbdt,0.7342336559209425,+,0.525923884443631,5,53,0.31171724218941543,0.0036974398742626075,0.5627676524888331,2549.5956851467467,226
goss,0.8122791026399311,+,0.136862597970462,5,46,0.6435265880219829,0.7046499293584618,1.0,2549.929513680301,100
gbdt,0.7903894557293958,+,0.5390334877714968,5,68,0.6094501056748549,0.17143595142709683,0.815223484766295,2550.0552757576447,30
dart,0.6982927452160804,+,0.20940375344918843,5,31,0.320247728459083,0.5850878173197116,0.990273972899863,2550.6376662299385,37
goss,0.7822878538611825,+,0.1165384788521797,5,83,0.07049138540054212,0.35782989096914386,1.0,2550.952854849375,141
goss,0.9393557614681747,+,0.11452351180853473,5,47,0.42498981184264584,0.9843847737935947,1.0,2551.286484413076,243
dart,0.9897277936594844,+,0.19527508695253923,5,97,0.14864035384458896,0.7899450543485848,0.6463473303307409,2552.3911914607816,235
goss,0.6774217110473968,+,0.1875955125911225,5,69,0.4925089897220762,0.04378555931247641,1.0,2554.142441320571,132
gbdt,0.7541807197618148,+,0.5714637979168337,5,41,0.5966981359076033,0.11037625226236855,0.6128330930083781,2554.3281874077115,210
gbdt,0.8972953848491585,+,0.06767327781458214,5,86,0.7817735247578,0.2333895246760419,0.8344546849398381,2558.6138887931074,184
gbdt,0.9898819691560607,+,0.6080446422738568,5,42,0.3034351493661367,0.7342914999001645,0.5876408384336158,2559.002618278708,241
gbdt,0.817970755678811,+,0.06656292406788303,5,62,0.5643987725437445,0.137316580689068,0.5248096911101555,2561.781505378869,109
dart,0.9767392802197098,+,0.17967569823440452,5,45,0.6925835710622905,0.4474788547487275,0.6323185178317486,2561.839911495175,55
goss,0.9682719839773409,+,0.0867898087231367,5,55,0.4464080784630621,0.3864967922663718,1.0,2562.244362615518,194
dart,0.7620444192755503,+,0.1817462258063264,5,73,0.6298453884282198,0.5912069648470178,0.9080154525923956,2564.056332510236,78
gbdt,0.955771512438562,+,0.06468959506748898,5,49,0.27197743445706835,0.1268612551163405,0.6715166888863663,2564.191988873208,219
goss,0.7698984920028846,+,0.21492531240739543,5,41,0.24955688820566735,0.7808147874218325,1.0,2565.228531754639,49
gbdt,0.7555527896742894,+,0.6142558860858531,5,65,0.9389469541364768,0.9611708016462779,0.5742884333624266,2565.956006695385,174
goss,0.9809815427815758,+,0.19935836212806618,5,75,0.8751118984907046,0.3977858693319253,1.0,2566.947871070668,20
gbdt,0.8820723286288474,+,0.639253543805416,5,87,0.9633543755400027,0.6861081148396175,0.8248131649062123,2567.76792886012,81
goss,0.8953314070033523,+,0.0772527510887337,5,56,0.741794413088218,0.24675808357611081,1.0,2568.067064133103,42
goss,0.9892979651263538,+,0.07631974587333314,5,83,0.5282319776792885,0.9229162759976033,1.0,2568.3580607428908,61
dart,0.6740265979362151,+,0.18029394014085015,5,48,0.9737316048583172,0.5494026684358103,0.746193906007773,2569.444122903911,67
goss,0.9880397317140426,+,0.20001176009119648,5,47,0.3476386803833279,0.3834825464007482,1.0,2570.404049776644,88
goss,0.7221142553723929,+,0.21491088353221854,5,78,0.561363524650118,0.2804562939746544,1.0,2570.6618035944625,206
dart,0.9106920150327874,+,0.1688128547609422,5,36,0.057422670406024556,0.23175539176434418,0.5617866474884847,2571.136325044059,228
gbdt,0.9978501501539014,+,0.06197879321836369,5,92,0.7558501823382915,0.35036466541646694,0.9814964780938056,2572.04107498321,32
gbdt,0.9608940182748095,+,0.06207667517963449,5,59,0.17695004849817544,0.676864666762541,0.5002732690827864,2572.1471403526184,255
gbdt,0.7978604603629469,+,0.6383383820016388,5,43,0.45507267929194184,0.6892175196354297,0.6355927462738108,2572.6871396854626,64
dart,0.8654069338615891,+,0.16785779465175743,5,92,0.979851867583683,0.8451427699051508,0.6176152748543373,2573.575056265908,102
dart,0.7697320905353302,+,0.171487130560491,5,45,0.2364791987931916,0.8953844594128489,0.6634556499711408,2573.6670160885296,299
gbdt,0.7597420791159066,+,0.06102405968144485,5,56,0.3711549204480925,0.20279681806588595,0.5002218444568385,2573.816652223275,128
goss,0.7512564068451264,+,0.07075739425564098,5,79,0.29370724204538823,0.16448383661038807,1.0,2574.4879055203123,127
gbdt,0.942138615967036,+,0.6809533297814636,5,60,0.5086489826316397,0.8517643291050412,0.6420545559579471,2576.0446823944426,286
gbdt,0.7647166833788784,+,0.058775600607331384,5,92,0.8770527156964227,0.5392144880818112,0.5215635069231025,2577.5071998526805,180
dart,0.8567926530181844,+,0.16423338940987459,5,50,0.5583989836292432,0.321579833663504,0.5049928647940738,2578.0424991791456,28
goss,0.9378102752044464,+,0.23972692251737351,5,35,0.6339636668699253,0.3146134784993084,1.0,2579.423432212035,213
goss,0.9975531294199596,+,0.2571851417955539,5,71,0.2214936887902889,0.9825153287267818,1.0,2579.800392983984,236
gbdt,0.641866332962003,+,0.6754721650001996,5,53,0.6172664579855452,0.06047771553506265,0.7082167093705821,2581.4875276337566,144
goss,0.8171867713787897,+,0.26350533978347046,5,98,0.7533693520624052,0.43984538511187254,1.0,2583.114396508438,182
goss,0.9304510153766423,+,0.2527608257914206,5,31,0.46867273108760077,0.15293667060372057,1.0,2583.24440351086,200
gbdt,0.7863466991361544,+,0.662502298525695,5,30,0.20124661530192842,0.21833151283207874,0.7480346442424217,2583.508963188945,214
dart,0.9976698207322613,+,0.15272226837431752,5,72,0.16237073480365072,0.7971301426342214,0.5907289403840343,2584.7548757438326,249
gbdt,0.8278039846492419,+,0.05512431175224102,5,62,0.6908488275201125,0.18359746524639994,0.5372618237865046,2588.3224827206973,106
dart,0.6823252194201589,+,0.1561185617330312,5,34,0.5422196563221888,0.9994618673659759,0.5717407758554796,2592.175186882896,87
goss,0.9830952379545932,+,0.2696980398747937,5,96,0.31785377641037216,0.9832682596373395,1.0,2593.093659456534,300
goss,0.8616920836813261,+,0.055108934048009824,5,79,0.5802823784079141,0.3533887911961944,1.0,2593.5741567179807,56
goss,0.7133032243998723,+,0.27202345974431436,5,72,0.10159184521953929,0.7687883422699104,1.0,2595.2771229753307,250
goss,0.9008204363231755,+,0.2942220524986481,5,43,0.173518391368987,0.0805190368560899,1.0,2595.795096946413,227
dart,0.759307047367283,+,0.14801560718852763,5,30,0.5563257022020682,0.6487793796950331,0.9943473388056387,2596.956848865589,21
goss,0.8887729579528146,+,0.2485287030126643,5,73,0.7303572030317435,0.7815903236919319,1.0,2598.480605094797,170
gbdt,0.9752435074753402,+,0.0524270187388459,5,91,0.49667047211687826,0.6857712274052598,0.7625993490275814,2601.3419934839803,199
dart,0.8227839283300648,+,0.1406088455237567,5,85,0.9344893414838185,0.31960147016394747,0.5339110834860024,2602.8787487297727,63
gbdt,0.9864590002365563,+,0.7262835917811169,5,54,0.25398163127305556,0.2472887780043152,0.6246733930639781,2603.3561098739942,197
goss,0.897952903360292,+,0.29034367589601295,5,40,0.715074467184509,0.05909041893997091,1.0,2604.7972196525784,83
gbdt,0.9654141196682444,+,0.7023307998193454,5,42,0.9968411483687399,0.5135538299040368,0.5522335834994769,2605.404307614577,86
gbdt,0.792575881249975,+,0.7530950409270345,5,40,0.49120838374319475,0.6474358240052823,0.594354072169179,2609.3648381235867,297
gbdt,0.8502477163650372,+,0.04842020182978729,5,62,0.7379723412629151,0.06568886019043463,0.6123754708564422,2609.719324206937,110
gbdt,0.8837077954062587,+,0.04957571063218172,5,41,0.29385401763939245,0.3924434873270046,0.573154910342694,2610.068823166732,140
goss,0.8314657344913539,+,0.3231192525247023,5,66,0.8178300196637514,0.003630307254743226,1.0,2612.810907940832,11
dart,0.9505035688960471,+,0.13067792280254448,5,39,0.7931412766857402,0.03371467279133425,0.8210523447839981,2615.165927494525,53
goss,0.7237283548006885,+,0.33557942367103194,5,97,0.4433042291323221,0.6176152000322948,1.0,2619.482905106476,164
goss,0.6928532099300196,+,0.3445503524620126,5,89,0.1989792210225337,0.8356525887279127,1.0,2620.7665371843686,257
goss,0.6268113974538585,+,0.04603717869963351,5,89,0.7900998724226157,0.2990520860657467,1.0,2621.641820366545,94
gbdt,0.9587964478290842,+,0.8061962444637533,5,68,0.312338046882906,0.8208291603637279,0.7843135056321994,2624.838374936282,193
dart,0.840741093275933,+,0.12499401043223882,5,64,0.41823944980779587,0.5669001079164249,0.8152917731267755,2625.141418165508,93
dart,0.9214196112895464,+,0.11986695021766196,5,58,0.43721013699631633,0.40225170836179014,0.6985929646961347,2629.808742474376,31
gbdt,0.8045605546606369,+,0.04354060928873476,5,32,0.8326320323149597,0.45470105222137214,0.847965681173882,2630.1479034879007,1
goss,0.8093444791071706,+,0.040989905860982404,5,78,0.515470433995177,0.6617614390724806,1.0,2630.8845876750115,46
goss,0.6162071717206198,+,0.04281531928076346,5,61,0.727725743177325,0.41010395885331374,1.0,2631.220597533431,2
gbdt,0.8773758399612044,+,0.04319474991496633,5,80,0.45799763328451276,0.554397031656297,0.7730036418373354,2631.65422415489,211
goss,0.9677216631182872,+,0.38374783362157666,5,75,0.28838832852084945,0.12677599127165912,1.0,2635.1825515678397,188
dart,0.8724694082475737,+,0.11706742987382524,5,77,0.9501100557663669,0.4324011900241296,0.8762738170985558,2636.3007219343053,43
goss,0.9509729266528736,+,0.4025903716225796,5,56,0.3743754348943117,0.8844465837713236,1.0,2641.226760358039,292
goss,0.9037932030837644,+,0.3974915836949267,5,52,0.9194165167996698,0.41598617849218456,1.0,2641.292256800269,158
gbdt,0.8145955663053669,+,0.04021785337962253,5,60,0.8214686668980673,0.9859289674107752,0.9245906670739445,2643.9830063764807,35
gbdt,0.9216595663775061,+,0.8856281377205463,5,52,0.3718885139647746,0.8608785265696635,0.5224752278774845,2647.044585675058,238
gbdt,0.8476323997330157,+,0.03847344977481351,5,84,0.6583229079500257,0.5032014877981249,0.5352150096171984,2653.3922859926447,178
goss,0.7937140986834216,+,0.4231052866324188,5,59,0.821473560058004,0.6612697948431235,1.0,2655.221218741217,176
dart,0.7714737618635795,+,0.10563499681696188,5,88,0.3825117859793865,0.5074377317915878,0.5276535292960838,2663.2945020416755,215
dart,0.7821683628073489,+,0.10484765768676832,5,61,0.9167248629861131,0.6379668007267962,0.7240770438351433,2665.29340490376,85
gbdt,0.6204538214708207,+,0.9306823890354183,5,59,0.9200092264373162,0.5434030676903124,0.6620299911421867,2666.135600323527,9
goss,0.9889864567156392,+,0.46133928923912837,5,54,0.4258656630799764,0.683080756588534,1.0,2668.724065985641,285
gbdt,0.7870670206339414,+,0.03560844736187358,5,37,0.8614887995867324,0.1960968233933112,0.5890831034204209,2669.678640817072,115
gbdt,0.9668514057092269,+,0.9417392366092431,5,88,0.6574209969322231,0.6069616585611075,0.926134383768999,2674.072717459765,44
goss,0.8133157432847937,+,0.481392731823058,5,39,0.4440566541970738,0.3184828842360589,1.0,2674.936175501713,136
goss,0.6019515537516835,+,0.032205546286159084,5,67,0.903771406743234,0.27132384136203513,1.0,2675.508645154234,52
dart,0.7153422273885205,+,0.10010886096151937,5,33,0.9075136502505822,0.6235259556296657,0.8627302346169736,2678.205829522301,72
gbdt,0.6345125557758078,+,0.985563517163904,5,90,0.13555206068610454,0.5837446743720269,0.6842227045481257,2685.0532182105667,202
gbdt,0.6623683273669176,+,0.9953478008181844,5,81,0.5919881958473276,0.21007783170159955,0.8609857086847814,2688.6307094317463,75
gbdt,0.6772172303794789,+,0.03253269584495832,5,34,0.07618547252246119,0.6668848125607256,0.5281392325665653,2689.933455310899,251
gbdt,0.9236486301097452,+,0.9804625877036285,5,96,0.7151770315049815,0.934089504888207,0.7507052347131496,2695.8972768655726,47
gbdt,0.6695966890029563,+,0.028296576356063,5,84,0.013183035637853835,0.5271098077466071,0.8987194012367643,2721.8357702810945,14
goss,0.9931129675286405,+,0.02381499987295861,5,72,0.9393697376027715,0.7340280179855683,1.0,2733.2907006902424,7
gbdt,0.9517538791670553,+,0.02571490345094822,5,61,0.026287971637317276,0.8434367132924346,0.5417164119463777,2750.153333071103,240
gbdt,0.8068264136607682,+,0.025072680623673932,5,55,0.6316495566574225,0.04112628182447858,0.5391890400596739,2751.973678654464,113
dart,0.9641245234542879,+,0.07230294078334455,5,32,0.17622578892475788,0.7633343784919551,0.9984261915640547,2770.888962721941,242
dart,0.9341755933804743,+,0.06943084916727288,5,66,0.8458698111333306,0.8066182006192584,0.6904811290778231,2788.147938793303,91
goss,0.8872081224782706,+,0.018611935181792664,5,34,0.9187225216693768,0.44483251230115173,1.0,2799.2480488297606,4
goss,0.6246501937373004,+,0.7464555841412372,5,51,0.6693920623263893,0.3314410645169837,1.0,2802.544559708134,77
gbdt,0.9790450413311051,+,0.021249897710471723,5,48,0.33164773411067083,0.9610643716585646,0.5749880199162888,2804.8003170283264,231
goss,0.876444643150869,+,0.017634700678817877,5,38,0.6810391246607139,0.6921104520712689,1.0,2814.29748972105,18
gbdt,0.74028779636585,+,0.018979847071490474,5,74,0.672847876021605,0.11689204587260013,0.6924242092090648,2818.388137983205,142
gbdt,0.910960183125201,+,0.01883507218410433,5,63,0.7236223305182499,0.7519262323685129,0.713547381471399,2839.407125354657,62
dart,0.8225096950484567,+,0.057028989470505796,5,64,0.12470065927231533,0.5158321119303967,0.5625745905758681,2869.370291998319,17
goss,0.9766978524295901,+,0.8554752431127115,5,70,0.6946896343853821,0.28813841028148135,1.0,2888.8041277690936,19
gbdt,0.6152812222519664,+,0.014926899719382084,5,95,0.05291943323079676,0.8791608222415603,0.5007370585368216,2890.160075328897,246
gbdt,0.7071068005797386,+,0.013565490140914807,5,30,0.34308475512996606,0.00010130680824210758,0.7212618732574814,2933.758965454136,134
goss,0.7006275304408768,+,0.011802543974495688,5,74,0.34646996849913303,0.9070520050863822,1.0,2949.826171304021,220
goss,0.7412335382111885,+,0.010660946237694757,5,47,0.43802918644092326,0.7995534416071729,1.0,2985.4893305841783,6
gbdt,0.9023202131343525,+,0.012314998980420912,5,65,0.17187156139656068,0.8123959883573632,0.5477275196074967,2986.422515280679,5
gbdt,0.6559176683029765,+,0.010064642739725783,5,88,0.2347224621979867,0.1035916676704119,0.5568012854138841,3044.119445196413,131
dart,0.6653398678556148,+,0.030621224025408064,5,75,0.6093986217002741,0.4969594180931078,0.5333675137627436,3304.283700399381,103
dart,0.8318455613306679,+,0.01305940218345986,5,35,0.835795538741375,0.7063951316859726,0.9453860039973849,4742.168355810471,51
