feature_names,feature_importance
horsepower,16.062597837607257
year,12.051301138740993
mileage,11.098857785378454
back_legroom,7.089674340094705
horsepower_rpm,5.9879616991844
width,5.398472605183313
wheel_system_display_Front-Wheel Drive,5.154261025705359
height,4.685471184733518
wheelbase,4.1288416634807845
front_legroom,3.9761987659774207
engine_displacement,3.1198039799228
body_type_SUV / Crossover,2.483121630325789
highway_fuel_economy,2.452238134864138
fuel_tank_volume,2.2888398192609287
savings_amount,1.8869015026428542
maximum_seating,1.4956641450171666
wheel_system_display_Four-Wheel Drive,1.3946522970749926
length,1.3308218459605907
is_new,1.0523750816311486
city_fuel_economy,0.9862191467129723
daysonmarket,0.9050462839125999
wheel_system_display_All-Wheel Drive,0.822004842537138
body_type_Sedan,0.7230170948288744
fuel_type_Flex Fuel Vehicle,0.4226876254583431
State_FL,0.4041179457489558
torque,0.3965425610844749
State_TX,0.3190923610548041
torque_rpm,0.3131296447325211
State_IL,0.1872507204519106
State_OH,0.18332127408151078
State_NY,0.17422039029004766
transmission_CVT,0.11253267417679008
wheel_system_display_Rear-Wheel Drive,0.10980049756165836
listing_color_WHITE,0.10308274109659857
State_PA,0.09596626241767076
listed_date_yearMonth_2020-07,0.06740549020497041
transmission_M,0.06128156003718398
listing_color_RED,0.059787963166947275
body_type_Coupe,0.0580636414355057
fuel_type_Diesel,0.05168986157912214
listing_color_SILVER,0.05047939364767318
body_type_Minivan,0.047166936855063506
listing_color_GRAY,0.042820600970464744
listed_date_yearMonth_2020-08,0.03397000416356186
listing_color_BLUE,0.03167230034281105
fuel_type_Gasoline,0.030357873600906738
body_type_Hatchback,0.020992463611203813
listed_date_yearMonth_2020-09,0.01904192271314209
body_type_Wagon,0.01644428020463821
body_type_Pickup Truck,0.009003373323435742
transmission_Dual Clutch,0.0032340771113956
fuel_type_Hybrid,0.0004997080985011817
body_type_Van,0.0
