feature_names,feature_importance
horsepower,17.717319896604298
year,13.360244062031468
mileage,8.460518929681585
back_legroom,6.714342408204628
horsepower_rpm,6.600947533850063
width,5.799927031302399
height,5.430857809184331
front_legroom,5.0912579696876055
wheel_system_display_Front-Wheel Drive,4.519781096076499
wheelbase,3.3810609161187224
body_type_SUV / Crossover,2.518377427612867
fuel_tank_volume,2.3928966261025892
engine_displacement,2.148953399157651
savings_amount,1.8361107736921516
maximum_seating,1.5434194191585002
length,1.3606423042845477
wheel_system_display_Four-Wheel Drive,1.3409655726566072
city_fuel_economy,1.3118935549909314
highway_fuel_economy,1.2220109532433705
daysonmarket,1.1538899392437545
wheel_system_display_All-Wheel Drive,0.8752483971009253
is_new,0.7553250477255564
torque,0.6678281469580368
torque_rpm,0.540721417433007
State_FL,0.48380361231606217
State_TX,0.4467628582336576
fuel_type_Flex Fuel Vehicle,0.2987760108826439
State_OH,0.2164335799532613
State_IL,0.21590279724319425
State_NY,0.21138781485210553
listing_color_WHITE,0.15794980231152247
body_type_Pickup Truck,0.13832134399688256
transmission_CVT,0.12605383259502959
State_PA,0.12513078800390792
listed_date_yearMonth_2020-07,0.09387137885815618
listing_color_RED,0.08778576128460493
body_type_Sedan,0.0852117569893261
listed_date_yearMonth_2020-08,0.08028904089653281
listing_color_GRAY,0.06991009671721446
wheel_system_display_Rear-Wheel Drive,0.06826545673106954
listing_color_SILVER,0.06649045476604067
fuel_type_Diesel,0.058764987185930886
body_type_Coupe,0.05702069149308474
listing_color_BLUE,0.055222331003512024
transmission_M,0.05169854985484227
body_type_Minivan,0.021967741895216688
listed_date_yearMonth_2020-09,0.010780620585278948
body_type_Hatchback,0.010342035606432686
body_type_Wagon,0.008447549296750094
fuel_type_Gasoline,0.005487290126789541
transmission_Dual Clutch,0.0033811842188765724
fuel_type_Hybrid,0.0
body_type_Van,0.0
