feature_names,feature_importance
horsepower,15.582512607896932
year,12.665779343320775
mileage,9.250934144139384
back_legroom,6.936201269570775
horsepower_rpm,6.296123053599404
wheel_system_display_Front-Wheel Drive,5.304974163679645
height,5.260545707917072
width,5.252648735382871
front_legroom,5.126672995224373
wheelbase,3.932970185872832
body_type_SUV / Crossover,2.7365685916902955
engine_displacement,2.4097638131665002
savings_amount,2.219194426402256
maximum_seating,1.9373898996349341
fuel_tank_volume,1.9328716769462115
highway_fuel_economy,1.7970638394899876
length,1.4746790268893835
wheel_system_display_Four-Wheel Drive,1.337077650862375
city_fuel_economy,1.2935281088985982
daysonmarket,1.2545416499987352
wheel_system_display_All-Wheel Drive,0.7356272872274772
torque,0.6978378476583676
torque_rpm,0.6122503667281033
State_FL,0.5015193328488068
is_new,0.44142366787269266
State_TX,0.43514317816741277
fuel_type_Flex Fuel Vehicle,0.2855500445842052
State_OH,0.25242549776400564
State_IL,0.23572101986755176
body_type_Sedan,0.22426077280503226
State_NY,0.20909770080747964
listing_color_WHITE,0.18305899781514964
transmission_CVT,0.16012784527137366
listed_date_yearMonth_2020-08,0.1416493581391082
State_PA,0.13303175002798212
listing_color_RED,0.1061797779200041
listed_date_yearMonth_2020-07,0.09396937298036927
wheel_system_display_Rear-Wheel Drive,0.08743726368626359
listing_color_SILVER,0.07294346911147297
listing_color_GRAY,0.07293411353139573
listing_color_BLUE,0.05940492012586453
transmission_M,0.05804990669566927
body_type_Coupe,0.05311591671754921
body_type_Pickup Truck,0.036259986577783475
body_type_Minivan,0.030438971356832614
body_type_Wagon,0.022268157445243866
fuel_type_Diesel,0.019919705409127818
body_type_Hatchback,0.014842787749386778
fuel_type_Gasoline,0.010430973256853727
listed_date_yearMonth_2020-09,0.008561804045476254
transmission_Dual Clutch,0.002174119910947923
fuel_type_Hybrid,0.00030319531169300395
body_type_Van,0.0
