feature_names,feature_importance
horsepower,16.640197501490068
year,11.99512080512866
mileage,8.450980163513695
back_legroom,7.795327876142808
horsepower_rpm,6.648238544293689
height,6.346816148284957
width,6.164812632885618
wheelbase,5.504405584544793
wheel_system_display_Front-Wheel Drive,5.415816297969403
front_legroom,3.680363643283954
length,2.565109027712439
engine_displacement,2.350182972632277
highway_fuel_economy,2.3459099265641754
is_new,2.142690706565171
savings_amount,1.8022490921215113
body_type_SUV / Crossover,1.5421820159465223
wheel_system_display_Four-Wheel Drive,1.476761219289236
maximum_seating,1.4745660585658957
fuel_tank_volume,1.2224032208455968
city_fuel_economy,1.0788008307340358
wheel_system_display_All-Wheel Drive,0.6858440095563754
fuel_type_Flex Fuel Vehicle,0.4629467217295522
body_type_Sedan,0.4452053542683504
daysonmarket,0.42717881259786894
State_FL,0.26843945205076536
State_TX,0.19646007367230164
State_NY,0.13645685844412755
State_OH,0.09871829265354008
fuel_type_Diesel,0.0814252873899961
transmission_CVT,0.0785543180067374
State_IL,0.07454550011789217
wheel_system_display_Rear-Wheel Drive,0.05828674771896352
listing_color_RED,0.0446758826149787
transmission_M,0.035982799300657814
body_type_Coupe,0.03468134804633848
torque,0.03296390239116015
listing_color_SILVER,0.029359788668058922
listing_color_WHITE,0.02712427247225054
listed_date_yearMonth_2020-09,0.02700427228640292
body_type_Hatchback,0.022940589764452426
State_PA,0.022515556931332247
body_type_Minivan,0.01497167966196209
listed_date_yearMonth_2020-07,0.013723100482770763
body_type_Pickup Truck,0.009171589466135149
fuel_type_Gasoline,0.007698991258623391
body_type_Wagon,0.007382011085383095
listing_color_BLUE,0.0067712932296348
listing_color_GRAY,0.004508425283890888
torque_rpm,0.0008655307771011365
transmission_Dual Clutch,0.0006064675155318954
fuel_type_Hybrid,4.7128776782652354e-05
body_type_Van,9.673265588117613e-06
listed_date_yearMonth_2020-08,0.0
