feature_names,feature_importance
horsepower,16.365748010199717
year,13.356269698478286
mileage,9.453339417398789
horsepower_rpm,6.294409074295269
width,6.023820411696474
back_legroom,5.8200967430726385
front_legroom,5.177473449640666
height,5.0980194290327905
wheel_system_display_Front-Wheel Drive,4.614079008225914
wheelbase,3.556857105279365
body_type_SUV / Crossover,2.872582585787296
engine_displacement,2.8179988429767184
highway_fuel_economy,1.9628524395618725
maximum_seating,1.9122867546093938
savings_amount,1.9012424659289173
fuel_tank_volume,1.416865528360904
city_fuel_economy,1.357636060782903
length,1.2766874621587136
daysonmarket,1.223827463600897
wheel_system_display_Four-Wheel Drive,1.2014623009478889
is_new,0.8366932885193217
wheel_system_display_All-Wheel Drive,0.8070178154166927
torque,0.6998506966726205
torque_rpm,0.5633705048942236
State_FL,0.48838729961302324
State_TX,0.4362355668226324
fuel_type_Flex Fuel Vehicle,0.3441292115291408
State_IL,0.2309660644691767
State_OH,0.23050509031411903
State_NY,0.22304394529894914
listing_color_WHITE,0.1669218702074708
transmission_CVT,0.13904788309791333
body_type_Sedan,0.1327893227627349
State_PA,0.13267413386242816
listed_date_yearMonth_2020-08,0.1031993923593568
listing_color_RED,0.09604198244583205
wheel_system_display_Rear-Wheel Drive,0.09137548389067641
listed_date_yearMonth_2020-07,0.08454039140606329
listing_color_GRAY,0.07089746434742887
listing_color_SILVER,0.0698214967470732
body_type_Coupe,0.06581151920872057
transmission_M,0.06112633371791155
listing_color_BLUE,0.05103442818341375
fuel_type_Diesel,0.03710261161012423
body_type_Pickup Truck,0.02994430891977078
body_type_Wagon,0.0269252454045226
body_type_Minivan,0.021337965143433172
listed_date_yearMonth_2020-09,0.021055738959803193
fuel_type_Gasoline,0.017996525911292867
body_type_Hatchback,0.013933698450183801
transmission_Dual Clutch,0.0025606764154134606
body_type_Van,0.00010779136310282603
fuel_type_Hybrid,0.0
