iteration,rmse,datetime_start,datetime_complete,duration,bagging_freq,colsample_bytree,max_depth,min_child_samples,n_estimators,num_leaves,subsample,state
190,2407.035202162385,2023-01-28 23:54:26.137430,2023-01-28 23:54:56.315182,0 days 00:00:30.177752,9.0,0.79,11.0,500.0,1000.0,375.0,0.95,COMPLETE
166,2407.0820906241956,2023-01-28 23:38:51.586861,2023-01-28 23:39:21.046801,0 days 00:00:29.459940,9.0,0.79,11.0,500.0,1000.0,300.0,0.95,COMPLETE
333,2407.221078774469,2023-01-29 01:29:21.139810,2023-01-29 01:29:54.311346,0 days 00:00:33.171536,9.0,0.79,11.0,500.0,1000.0,350.0,0.95,COMPLETE
233,2407.3432096205306,2023-01-29 00:21:36.495972,2023-01-29 00:22:08.536928,0 days 00:00:32.040956,9.0,0.79,11.0,500.0,1000.0,300.0,0.95,COMPLETE
102,2407.4449489614676,2023-01-28 22:57:12.456824,2023-01-28 22:57:42.500914,0 days 00:00:30.044090,9.0,0.79,11.0,500.0,1000.0,300.0,0.95,COMPLETE
456,2407.4677883561817,2023-01-29 02:54:54.051231,2023-01-29 02:55:27.037520,0 days 00:00:32.986289,9.0,0.77,11.0,500.0,1000.0,350.0,0.95,COMPLETE
278,2407.600205681406,2023-01-29 00:52:47.691586,2023-01-29 00:53:21.423889,0 days 00:00:33.732303,9.0,0.79,11.0,500.0,1000.0,300.0,0.95,COMPLETE
448,2407.7068105148605,2023-01-29 02:49:13.479176,2023-01-29 02:49:46.870781,0 days 00:00:33.391605,9.0,0.79,11.0,500.0,1000.0,350.0,0.95,COMPLETE
219,2407.844443650033,2023-01-29 00:12:45.512430,2023-01-29 00:13:16.110564,0 days 00:00:30.598134,9.0,0.79,11.0,500.0,1000.0,300.0,0.95,COMPLETE
95,2407.8475456004403,2023-01-28 22:52:58.354296,2023-01-28 22:53:28.331138,0 days 00:00:29.976842,9.0,0.79,11.0,500.0,1000.0,300.0,0.95,COMPLETE
199,2407.863806988359,2023-01-28 23:59:52.002326,2023-01-29 00:00:23.128485,0 days 00:00:31.126159,9.0,0.79,11.0,500.0,1000.0,375.0,0.95,COMPLETE
284,2407.9007739305857,2023-01-29 00:56:47.660887,2023-01-29 00:57:20.204214,0 days 00:00:32.543327,9.0,0.79,11.0,500.0,1000.0,300.0,0.95,COMPLETE
73,2407.9185882345905,2023-01-28 22:39:04.650621,2023-01-28 22:39:34.533433,0 days 00:00:29.882812,9.0,0.79,11.0,500.0,1000.0,300.0,0.95,COMPLETE
67,2407.923321916276,2023-01-28 22:35:13.691166,2023-01-28 22:35:43.669123,0 days 00:00:29.977957,9.0,0.79,11.0,500.0,1000.0,300.0,0.95,COMPLETE
311,2407.967683658241,2023-01-29 01:14:18.874471,2023-01-29 01:14:54.301556,0 days 00:00:35.427085,9.0,0.79,11.0,500.0,1000.0,375.0,0.95,COMPLETE
164,2407.970925007014,2023-01-28 23:37:40.484948,2023-01-28 23:38:10.205450,0 days 00:00:29.720502,9.0,0.79,11.0,500.0,1000.0,300.0,0.95,COMPLETE
175,2407.9773409158297,2023-01-28 23:44:21.555251,2023-01-28 23:44:55.301893,0 days 00:00:33.746642,9.0,0.79,11.0,500.0,1000.0,300.0,0.95,COMPLETE
326,2407.9820750377435,2023-01-29 01:24:37.787143,2023-01-29 01:25:11.802780,0 days 00:00:34.015637,9.0,0.79,11.0,500.0,1000.0,300.0,0.95,COMPLETE
215,2407.9884529154638,2023-01-29 00:10:15.541381,2023-01-29 00:10:50.425527,0 days 00:00:34.884146,9.0,0.79,11.0,500.0,1000.0,300.0,0.95,COMPLETE
152,2408.110652841955,2023-01-28 23:30:32.015368,2023-01-28 23:31:01.591828,0 days 00:00:29.576460,9.0,0.79,11.0,500.0,1000.0,300.0,0.95,COMPLETE
183,2408.122209575384,2023-01-28 23:49:56.908335,2023-01-28 23:50:29.780553,0 days 00:00:32.872218,9.0,0.79,11.0,500.0,1000.0,300.0,0.95,COMPLETE
387,2408.1331404671078,2023-01-29 02:04:40.331791,2023-01-29 02:05:16.297140,0 days 00:00:35.965349,9.0,0.79,11.0,500.0,1000.0,300.0,0.95,COMPLETE
65,2408.1764591797532,2023-01-28 22:34:01.077965,2023-01-28 22:34:30.960291,0 days 00:00:29.882326,9.0,0.79,11.0,500.0,1000.0,300.0,0.95,COMPLETE
392,2408.1817376416097,2023-01-29 02:08:49.854714,2023-01-29 02:09:31.574543,0 days 00:00:41.719829,9.0,0.79,11.0,500.0,1000.0,300.0,0.95,COMPLETE
115,2408.1914123652687,2023-01-28 23:06:10.410101,2023-01-28 23:06:50.273348,0 days 00:00:39.863247,9.0,0.79,11.0,500.0,1000.0,300.0,0.95,COMPLETE
337,2408.2039393991254,2023-01-29 01:31:59.453323,2023-01-29 01:32:33.895744,0 days 00:00:34.442421,9.0,0.79,11.0,500.0,1000.0,325.0,0.95,COMPLETE
92,2408.206595487877,2023-01-28 22:51:21.257136,2023-01-28 22:51:51.107765,0 days 00:00:29.850629,9.0,0.79,11.0,500.0,1000.0,300.0,0.95,COMPLETE
151,2408.2215539531244,2023-01-28 23:29:58.876986,2023-01-28 23:30:27.592310,0 days 00:00:28.715324,9.0,0.79,11.0,500.0,1000.0,300.0,0.95,COMPLETE
124,2408.2390340278794,2023-01-28 23:12:13.043334,2023-01-28 23:13:06.971732,0 days 00:00:53.928398,9.0,0.79,11.0,500.0,1000.0,300.0,0.95,COMPLETE
171,2408.2425336541655,2023-01-28 23:41:49.438013,2023-01-28 23:42:20.076492,0 days 00:00:30.638479,9.0,0.79,11.0,500.0,1000.0,300.0,0.95,COMPLETE
283,2408.2510973485973,2023-01-29 00:56:07.406080,2023-01-29 00:56:40.933035,0 days 00:00:33.526955,9.0,0.79,11.0,500.0,1000.0,300.0,0.95,COMPLETE
187,2408.2563125471233,2023-01-28 23:52:20.718328,2023-01-28 23:52:54.784517,0 days 00:00:34.066189,9.0,0.79,11.0,500.0,1000.0,300.0,0.95,COMPLETE
279,2408.275679460328,2023-01-29 00:53:27.537466,2023-01-29 00:54:03.321580,0 days 00:00:35.784114,9.0,0.79,11.0,500.0,1000.0,300.0,0.95,COMPLETE
305,2408.2962678576678,2023-01-29 01:10:40.118869,2023-01-29 01:11:14.973604,0 days 00:00:34.854735,9.0,0.79,11.0,500.0,1000.0,300.0,0.95,COMPLETE
155,2408.3051693192724,2023-01-28 23:32:17.367319,2023-01-28 23:32:46.262283,0 days 00:00:28.894964,9.0,0.79,11.0,500.0,1000.0,300.0,0.95,COMPLETE
417,2408.305330058138,2023-01-29 02:27:31.372979,2023-01-29 02:28:23.145470,0 days 00:00:51.772491,9.0,0.79,11.0,500.0,1000.0,300.0,0.95,COMPLETE
332,2408.3075404896717,2023-01-29 01:28:40.799023,2023-01-29 01:29:14.436728,0 days 00:00:33.637705,9.0,0.79,11.0,500.0,1000.0,300.0,0.95,COMPLETE
487,2408.3259431260494,2023-01-29 03:18:19.435948,2023-01-29 03:18:53.139965,0 days 00:00:33.704017,9.0,0.79,11.0,500.0,1000.0,300.0,0.95,COMPLETE
93,2408.344674180394,2023-01-28 22:51:57.612698,2023-01-28 22:52:28.076206,0 days 00:00:30.463508,9.0,0.79,11.0,500.0,1000.0,300.0,0.95,COMPLETE
334,2408.4053748306806,2023-01-29 01:29:58.537541,2023-01-29 01:30:32.475555,0 days 00:00:33.938014,9.0,0.79,11.0,500.0,1000.0,350.0,0.95,COMPLETE
455,2408.426356635404,2023-01-29 02:54:11.188926,2023-01-29 02:54:47.159362,0 days 00:00:35.970436,9.0,0.79,11.0,500.0,1000.0,350.0,0.95,COMPLETE
174,2408.5346529167255,2023-01-28 23:43:45.255296,2023-01-28 23:44:15.138052,0 days 00:00:29.882756,9.0,0.79,11.0,500.0,1000.0,300.0,0.95,COMPLETE
340,2408.559268247166,2023-01-29 01:34:03.921099,2023-01-29 01:34:35.936653,0 days 00:00:32.015554,9.0,0.79,11.0,500.0,1000.0,325.0,0.95,COMPLETE
177,2408.5770893930626,2023-01-28 23:45:35.420595,2023-01-28 23:46:05.313817,0 days 00:00:29.893222,9.0,0.79,11.0,500.0,1000.0,300.0,0.95,COMPLETE
454,2408.5808979775284,2023-01-29 02:53:30.053170,2023-01-29 02:54:03.925656,0 days 00:00:33.872486,9.0,0.79,11.0,500.0,1000.0,350.0,0.95,COMPLETE
486,2408.600300110332,2023-01-29 03:17:38.009083,2023-01-29 03:18:11.988861,0 days 00:00:33.979778,9.0,0.79,11.0,500.0,1000.0,375.0,0.95,COMPLETE
107,2408.6314712507174,2023-01-28 23:00:23.085146,2023-01-28 23:01:00.247540,0 days 00:00:37.162394,9.0,0.79,11.0,500.0,1000.0,300.0,0.95,COMPLETE
184,2408.64303354189,2023-01-28 23:50:35.692308,2023-01-28 23:51:05.213998,0 days 00:00:29.521690,9.0,0.79,11.0,500.0,1000.0,300.0,0.95,COMPLETE
217,2408.6523802997453,2023-01-29 00:11:32.574598,2023-01-29 00:12:03.138388,0 days 00:00:30.563790,9.0,0.79,11.0,500.0,1000.0,300.0,0.95,COMPLETE
131,2408.6557066165246,2023-01-28 23:17:05.323416,2023-01-28 23:17:35.908812,0 days 00:00:30.585396,9.0,0.79,11.0,500.0,1000.0,300.0,0.95,COMPLETE
209,2408.6665001256883,2023-01-29 00:06:36.748104,2023-01-29 00:07:07.575482,0 days 00:00:30.827378,9.0,0.79,11.0,500.0,1000.0,300.0,0.95,COMPLETE
460,2408.678503669971,2023-01-29 02:57:34.379491,2023-01-29 02:58:07.843222,0 days 00:00:33.463731,9.0,0.77,11.0,500.0,1000.0,350.0,0.95,COMPLETE
120,2408.687761105761,2023-01-28 23:09:43.742473,2023-01-28 23:10:14.527876,0 days 00:00:30.785403,9.0,0.79,11.0,500.0,1000.0,300.0,0.95,COMPLETE
445,2408.7047713734537,2023-01-29 02:47:18.824432,2023-01-29 02:47:52.781302,0 days 00:00:33.956870,9.0,0.79,11.0,500.0,1000.0,300.0,0.95,COMPLETE
69,2408.7108505034967,2023-01-28 22:36:33.932331,2023-01-28 22:37:03.737294,0 days 00:00:29.804963,9.0,0.79,11.0,500.0,1000.0,300.0,0.95,COMPLETE
384,2408.721327545024,2023-01-29 02:02:30.415389,2023-01-29 02:03:07.760887,0 days 00:00:37.345498,9.0,0.79,11.0,500.0,1000.0,300.0,0.95,COMPLETE
404,2408.731297770508,2023-01-29 02:17:20.799723,2023-01-29 02:17:52.765092,0 days 00:00:31.965369,9.0,0.79,11.0,500.0,1000.0,300.0,0.95,COMPLETE
423,2408.7328773317977,2023-01-29 02:31:51.883797,2023-01-29 02:32:38.738122,0 days 00:00:46.854325,9.0,0.79,11.0,500.0,1000.0,300.0,0.95,COMPLETE
357,2408.739878055418,2023-01-29 01:44:55.068167,2023-01-29 01:45:27.385919,0 days 00:00:32.317752,8.0,0.79,11.0,500.0,1000.0,300.0,0.95,COMPLETE
313,2408.7644232454923,2023-01-29 01:15:37.366566,2023-01-29 01:16:11.431832,0 days 00:00:34.065266,9.0,0.79,11.0,500.0,1000.0,375.0,0.95,COMPLETE
420,2408.770674588666,2023-01-29 02:29:52.887925,2023-01-29 02:30:27.553999,0 days 00:00:34.666074,9.0,0.79,11.0,500.0,1000.0,300.0,0.95,COMPLETE
64,2408.7740920906267,2023-01-28 22:33:22.668761,2023-01-28 22:33:53.598178,0 days 00:00:30.929417,9.0,0.79,11.0,500.0,1000.0,300.0,0.95,COMPLETE
259,2408.786938132048,2023-01-29 00:39:44.059392,2023-01-29 00:40:16.592967,0 days 00:00:32.533575,9.0,0.79,11.0,500.0,1000.0,300.0,0.95,COMPLETE
375,2408.788495291369,2023-01-29 01:56:23.505543,2023-01-29 01:56:57.568666,0 days 00:00:34.063123,9.0,0.79,11.0,500.0,1000.0,300.0,0.95,COMPLETE
276,2408.7915692674433,2023-01-29 00:51:34.153789,2023-01-29 00:52:06.330945,0 days 00:00:32.177156,9.0,0.79,11.0,500.0,1000.0,300.0,0.95,COMPLETE
447,2408.7919630879474,2023-01-29 02:48:36.288280,2023-01-29 02:49:09.460088,0 days 00:00:33.171808,9.0,0.79,11.0,500.0,1000.0,300.0,0.95,COMPLETE
56,2408.7925063283706,2023-01-28 22:28:06.164915,2023-01-28 22:28:40.767086,0 days 00:00:34.602171,9.0,0.79,11.0,500.0,1000.0,300.0,0.95,COMPLETE
255,2408.793216800786,2023-01-29 00:37:02.303960,2023-01-29 00:37:34.997827,0 days 00:00:32.693867,9.0,0.79,11.0,500.0,1000.0,300.0,0.95,COMPLETE
373,2408.793943768524,2023-01-29 01:55:00.310462,2023-01-29 01:55:35.230721,0 days 00:00:34.920259,9.0,0.79,11.0,500.0,1000.0,300.0,0.95,COMPLETE
429,2408.7940993973293,2023-01-29 02:36:20.841244,2023-01-29 02:36:53.918305,0 days 00:00:33.077061,9.0,0.79,11.0,500.0,1000.0,300.0,0.95,COMPLETE
103,2408.7968522000765,2023-01-28 22:57:46.718310,2023-01-28 22:58:16.918933,0 days 00:00:30.200623,9.0,0.79,11.0,500.0,1000.0,300.0,0.95,COMPLETE
352,2408.7972893160018,2023-01-29 01:41:46.625434,2023-01-29 01:42:19.974376,0 days 00:00:33.348942,9.0,0.79,11.0,500.0,1000.0,300.0,0.95,COMPLETE
331,2408.799219408132,2023-01-29 01:28:01.323477,2023-01-29 01:28:34.341061,0 days 00:00:33.017584,9.0,0.79,11.0,500.0,1000.0,300.0,0.95,COMPLETE
446,2408.7997261080336,2023-01-29 02:47:56.990160,2023-01-29 02:48:31.830671,0 days 00:00:34.840511,9.0,0.79,11.0,500.0,1000.0,300.0,0.95,COMPLETE
443,2408.800957633261,2023-01-29 02:46:01.178624,2023-01-29 02:46:35.442488,0 days 00:00:34.263864,9.0,0.79,11.0,500.0,1000.0,300.0,0.95,COMPLETE
210,2408.8019624921435,2023-01-29 00:07:12.547257,2023-01-29 00:07:42.423129,0 days 00:00:29.875872,9.0,0.79,11.0,500.0,1000.0,300.0,0.95,COMPLETE
86,2408.8024421161363,2023-01-28 22:47:35.405480,2023-01-28 22:48:05.311810,0 days 00:00:29.906330,9.0,0.79,11.0,500.0,1000.0,300.0,0.95,COMPLETE
168,2408.803067547845,2023-01-28 23:40:03.112653,2023-01-28 23:40:32.978706,0 days 00:00:29.866053,9.0,0.79,11.0,500.0,1000.0,300.0,0.95,COMPLETE
419,2408.806682642452,2023-01-29 02:29:13.489237,2023-01-29 02:29:46.387862,0 days 00:00:32.898625,9.0,0.79,11.0,500.0,1000.0,300.0,0.95,COMPLETE
374,2408.809648229723,2023-01-29 01:55:41.761470,2023-01-29 01:56:16.967593,0 days 00:00:35.206123,9.0,0.79,11.0,500.0,1000.0,300.0,0.95,COMPLETE
253,2408.812506244508,2023-01-29 00:35:32.480068,2023-01-29 00:36:05.899224,0 days 00:00:33.419156,9.0,0.79,11.0,500.0,1000.0,300.0,0.95,COMPLETE
354,2408.813229736289,2023-01-29 01:43:03.018743,2023-01-29 01:43:36.554708,0 days 00:00:33.535965,9.0,0.79,11.0,500.0,1000.0,300.0,0.95,COMPLETE
399,2408.836977609213,2023-01-29 02:14:00.629324,2023-01-29 02:14:35.774037,0 days 00:00:35.144713,9.0,0.79,11.0,500.0,1000.0,350.0,0.95,COMPLETE
129,2408.8442967630754,2023-01-28 23:15:55.758516,2023-01-28 23:16:25.460347,0 days 00:00:29.701831,9.0,0.79,11.0,500.0,1000.0,300.0,0.95,COMPLETE
113,2408.846126956475,2023-01-28 23:04:54.372635,2023-01-28 23:05:24.296410,0 days 00:00:29.923775,9.0,0.79,11.0,500.0,1000.0,300.0,0.95,COMPLETE
47,2408.875023804589,2023-01-28 22:22:09.779175,2023-01-28 22:22:39.458028,0 days 00:00:29.678853,9.0,0.79,11.0,500.0,1000.0,300.0,0.95,COMPLETE
260,2408.899500938432,2023-01-29 00:40:22.913154,2023-01-29 00:40:56.785748,0 days 00:00:33.872594,9.0,0.79,11.0,500.0,1000.0,300.0,0.95,COMPLETE
248,2408.9026545513657,2023-01-29 00:31:45.123049,2023-01-29 00:32:19.088413,0 days 00:00:33.965364,9.0,0.79,11.0,500.0,1000.0,300.0,0.95,COMPLETE
181,2408.9165710455436,2023-01-28 23:48:29.247863,2023-01-28 23:49:04.439422,0 days 00:00:35.191559,9.0,0.79,11.0,500.0,1000.0,300.0,0.95,COMPLETE
348,2408.9214977325155,2023-01-29 01:39:14.255580,2023-01-29 01:39:47.157109,0 days 00:00:32.901529,9.0,0.79,11.0,500.0,1000.0,400.0,0.95,COMPLETE
380,2408.9227340738453,2023-01-29 01:59:25.590659,2023-01-29 01:59:58.265216,0 days 00:00:32.674557,9.0,0.79,11.0,500.0,1000.0,300.0,0.95,COMPLETE
304,2408.925666664536,2023-01-29 01:09:55.833684,2023-01-29 01:10:31.038963,0 days 00:00:35.205279,9.0,0.79,11.0,500.0,1000.0,300.0,0.95,COMPLETE
483,2408.937870670457,2023-01-29 03:14:44.261574,2023-01-29 03:15:21.136363,0 days 00:00:36.874789,9.0,0.79,11.0,500.0,1000.0,300.0,0.95,COMPLETE
493,2408.9514689604657,2023-01-29 03:22:39.132764,2023-01-29 03:23:25.768576,0 days 00:00:46.635812,9.0,0.79,11.0,500.0,1000.0,350.0,0.95,COMPLETE
78,2408.9610138319636,2023-01-28 22:42:22.394524,2023-01-28 22:43:04.426368,0 days 00:00:42.031844,9.0,0.79,11.0,525.0,1000.0,300.0,0.95,COMPLETE
270,2408.9673168976533,2023-01-29 00:47:20.405003,2023-01-29 00:47:57.241757,0 days 00:00:36.836754,9.0,0.79,11.0,500.0,1000.0,300.0,0.95,COMPLETE
377,2408.9673427193643,2023-01-29 01:57:42.382595,2023-01-29 01:58:16.587238,0 days 00:00:34.204643,9.0,0.79,11.0,500.0,1000.0,375.0,0.95,COMPLETE
134,2408.9734793465013,2023-01-28 23:19:08.467938,2023-01-28 23:19:52.907553,0 days 00:00:44.439615,9.0,0.79,11.0,500.0,1000.0,300.0,0.95,COMPLETE
324,2408.9824434854545,2023-01-29 01:23:13.212544,2023-01-29 01:23:50.502317,0 days 00:00:37.289773,10.0,0.79,11.0,500.0,1000.0,300.0,0.95,COMPLETE
250,2408.991336153273,2023-01-29 00:33:04.230441,2023-01-29 00:33:50.935379,0 days 00:00:46.704938,9.0,0.79,11.0,500.0,1000.0,300.0,0.95,COMPLETE
307,2408.9948338834283,2023-01-29 01:11:44.867932,2023-01-29 01:12:20.435815,0 days 00:00:35.567883,9.0,0.79,11.0,500.0,1000.0,300.0,0.95,COMPLETE
204,2408.995281811852,2023-01-29 00:03:23.508108,2023-01-29 00:04:01.026347,0 days 00:00:37.518239,9.0,0.79,11.0,500.0,1000.0,375.0,0.95,COMPLETE
43,2409.0081408696465,2023-01-28 22:19:38.487031,2023-01-28 22:20:09.458691,0 days 00:00:30.971660,9.0,0.79,11.0,500.0,1000.0,300.0,0.95,COMPLETE
336,2409.0105319629897,2023-01-29 01:31:17.843765,2023-01-29 01:31:51.074123,0 days 00:00:33.230358,9.0,0.79,11.0,500.0,1000.0,375.0,0.95,COMPLETE
49,2409.0195938685188,2023-01-28 22:23:21.501708,2023-01-28 22:23:52.494830,0 days 00:00:30.993122,9.0,0.79,11.0,500.0,1000.0,300.0,0.95,COMPLETE
87,2409.033273765423,2023-01-28 22:48:11.723827,2023-01-28 22:48:41.981098,0 days 00:00:30.257271,9.0,0.79,11.0,500.0,1000.0,300.0,0.95,COMPLETE
458,2409.0591887807764,2023-01-29 02:56:15.453319,2023-01-29 02:56:48.599815,0 days 00:00:33.146496,9.0,0.77,11.0,500.0,1000.0,350.0,0.95,COMPLETE
463,2409.0668836424,2023-01-29 02:59:38.336410,2023-01-29 03:00:30.238459,0 days 00:00:51.902049,9.0,0.77,11.0,500.0,1000.0,375.0,0.95,COMPLETE
461,2409.0712480107304,2023-01-29 02:58:14.933343,2023-01-29 02:58:48.061794,0 days 00:00:33.128451,9.0,0.77,11.0,500.0,1000.0,400.0,0.95,COMPLETE
468,2409.084163143968,2023-01-29 03:03:28.459662,2023-01-29 03:04:09.909291,0 days 00:00:41.449629,9.0,0.77,11.0,500.0,1000.0,375.0,0.95,COMPLETE
48,2409.0924697686937,2023-01-28 22:22:44.200109,2023-01-28 22:23:14.505646,0 days 00:00:30.305537,9.0,0.79,11.0,500.0,1000.0,300.0,0.95,COMPLETE
435,2409.0967945506736,2023-01-29 02:40:23.211000,2023-01-29 02:41:01.463627,0 days 00:00:38.252627,9.0,0.79,11.0,500.0,1000.0,300.0,0.95,COMPLETE
98,2409.1091928494966,2023-01-28 22:54:46.456632,2023-01-28 22:55:16.344862,0 days 00:00:29.888230,9.0,0.79,11.0,500.0,1000.0,300.0,0.95,COMPLETE
227,2409.109603747463,2023-01-29 00:17:47.485727,2023-01-29 00:18:21.856201,0 days 00:00:34.370474,9.0,0.79,11.0,500.0,1000.0,300.0,0.95,COMPLETE
54,2409.1125358795107,2023-01-28 22:26:44.915022,2023-01-28 22:27:15.245693,0 days 00:00:30.330671,9.0,0.79,11.0,500.0,1000.0,300.0,0.95,COMPLETE
77,2409.121210230236,2023-01-28 22:41:46.001978,2023-01-28 22:42:15.968647,0 days 00:00:29.966669,9.0,0.79,11.0,500.0,1000.0,300.0,0.95,COMPLETE
172,2409.1254948756696,2023-01-28 23:42:24.243521,2023-01-28 23:42:53.980425,0 days 00:00:29.736904,9.0,0.79,11.0,500.0,1000.0,300.0,0.95,COMPLETE
482,2409.127860686656,2023-01-29 03:14:04.818761,2023-01-29 03:14:38.110507,0 days 00:00:33.291746,9.0,0.79,11.0,500.0,1000.0,300.0,0.95,COMPLETE
84,2409.1286198163843,2023-01-28 22:46:12.303680,2023-01-28 22:46:42.339115,0 days 00:00:30.035435,9.0,0.79,11.0,500.0,1000.0,300.0,0.95,COMPLETE
395,2409.1316154630103,2023-01-29 02:11:12.480397,2023-01-29 02:11:46.177221,0 days 00:00:33.696824,9.0,0.79,11.0,500.0,1000.0,300.0,0.95,COMPLETE
156,2409.135095632161,2023-01-28 23:32:52.708927,2023-01-28 23:33:22.001758,0 days 00:00:29.292831,9.0,0.79,11.0,500.0,1000.0,300.0,0.95,COMPLETE
223,2409.1408604775875,2023-01-29 00:15:14.927812,2023-01-29 00:15:44.587899,0 days 00:00:29.660087,9.0,0.79,11.0,500.0,1000.0,300.0,0.95,COMPLETE
397,2409.146316601072,2023-01-29 02:12:42.037033,2023-01-29 02:13:14.921394,0 days 00:00:32.884361,9.0,0.79,11.0,500.0,1000.0,300.0,0.95,COMPLETE
469,2409.160089005966,2023-01-29 03:04:16.355459,2023-01-29 03:04:59.316436,0 days 00:00:42.960977,9.0,0.81,11.0,500.0,1000.0,375.0,0.95,COMPLETE
192,2409.1751496997726,2023-01-28 23:55:38.118287,2023-01-28 23:56:07.913442,0 days 00:00:29.795155,9.0,0.79,11.0,500.0,1000.0,350.0,0.95,COMPLETE
109,2409.17585964014,2023-01-28 23:01:48.178215,2023-01-28 23:02:34.319581,0 days 00:00:46.141366,9.0,0.79,11.0,500.0,1000.0,325.0,0.95,COMPLETE
126,2409.1824342190107,2023-01-28 23:14:00.383250,2023-01-28 23:14:29.510323,0 days 00:00:29.127073,9.0,0.79,11.0,500.0,1000.0,300.0,0.95,COMPLETE
317,2409.189964549746,2023-01-29 01:18:15.232352,2023-01-29 01:18:48.978189,0 days 00:00:33.745837,9.0,0.79,11.0,500.0,1000.0,375.0,0.95,COMPLETE
263,2409.1905860832126,2023-01-29 00:42:29.439304,2023-01-29 00:43:12.916391,0 days 00:00:43.477087,9.0,0.79,11.0,500.0,1000.0,300.0,0.95,COMPLETE
385,2409.1983976094825,2023-01-29 02:03:13.847850,2023-01-29 02:03:53.085412,0 days 00:00:39.237562,9.0,0.79,11.0,500.0,1000.0,300.0,0.95,COMPLETE
161,2409.2006149331824,2023-01-28 23:35:52.159916,2023-01-28 23:36:21.779055,0 days 00:00:29.619139,9.0,0.79,11.0,500.0,1000.0,300.0,0.95,COMPLETE
137,2409.203702333759,2023-01-28 23:21:13.747233,2023-01-28 23:21:51.779986,0 days 00:00:38.032753,9.0,0.79,11.0,500.0,1000.0,300.0,0.95,COMPLETE
206,2409.217809509555,2023-01-29 00:04:42.688162,2023-01-29 00:05:13.088063,0 days 00:00:30.399901,9.0,0.79,11.0,500.0,1000.0,375.0,0.95,COMPLETE
247,2409.2308763005412,2023-01-29 00:30:59.674064,2023-01-29 00:31:38.317880,0 days 00:00:38.643816,9.0,0.79,11.0,500.0,1000.0,300.0,0.95,COMPLETE
53,2409.2394971674053,2023-01-28 22:25:50.037019,2023-01-28 22:26:38.255398,0 days 00:00:48.218379,9.0,0.79,11.0,500.0,1000.0,300.0,0.95,COMPLETE
289,2409.2430255123527,2023-01-29 00:59:58.435658,2023-01-29 01:00:35.993585,0 days 00:00:37.557927,9.0,0.79,11.0,500.0,1000.0,300.0,0.95,COMPLETE
57,2409.2487426301795,2023-01-28 22:28:46.847261,2023-01-28 22:29:17.058869,0 days 00:00:30.211608,9.0,0.79,11.0,500.0,1000.0,300.0,0.95,COMPLETE
449,2409.268137439304,2023-01-29 02:49:51.612559,2023-01-29 02:50:27.393011,0 days 00:00:35.780452,9.0,0.79,11.0,500.0,1000.0,350.0,0.95,COMPLETE
191,2409.279354174408,2023-01-28 23:55:02.452253,2023-01-28 23:55:31.854041,0 days 00:00:29.401788,9.0,0.79,11.0,500.0,1000.0,400.0,0.95,COMPLETE
434,2409.284326902062,2023-01-29 02:39:42.448614,2023-01-29 02:40:16.233955,0 days 00:00:33.785341,9.0,0.79,11.0,500.0,1000.0,300.0,0.95,COMPLETE
475,2409.291069042992,2023-01-29 03:08:45.891482,2023-01-29 03:09:27.918050,0 days 00:00:42.026568,9.0,0.79,11.0,500.0,1000.0,300.0,0.95,COMPLETE
173,2409.29115022157,2023-01-28 23:43:05.760371,2023-01-28 23:43:38.992750,0 days 00:00:33.232379,9.0,0.79,11.0,500.0,1000.0,300.0,0.95,COMPLETE
345,2409.293909296991,2023-01-29 01:37:18.281235,2023-01-29 01:37:50.861633,0 days 00:00:32.580398,9.0,0.79,11.0,500.0,1000.0,325.0,0.95,COMPLETE
427,2409.3012857721183,2023-01-29 02:34:48.210162,2023-01-29 02:35:32.497793,0 days 00:00:44.287631,9.0,0.79,11.0,500.0,1000.0,300.0,0.95,COMPLETE
268,2409.3211388142668,2023-01-29 00:46:00.796570,2023-01-29 00:46:34.394908,0 days 00:00:33.598338,9.0,0.79,11.0,500.0,1000.0,300.0,0.95,COMPLETE
370,2409.3272134774174,2023-01-29 01:53:01.611894,2023-01-29 01:53:34.525112,0 days 00:00:32.913218,9.0,0.79,11.0,500.0,1000.0,375.0,0.95,COMPLETE
407,2409.3275178760146,2023-01-29 02:19:35.027053,2023-01-29 02:20:20.511499,0 days 00:00:45.484446,9.0,0.79,11.0,500.0,1000.0,400.0,0.95,COMPLETE
208,2409.3296829955043,2023-01-29 00:06:01.503393,2023-01-29 00:06:31.980830,0 days 00:00:30.477437,9.0,0.79,11.0,500.0,1000.0,375.0,0.95,COMPLETE
457,2409.336735790712,2023-01-29 02:55:33.419995,2023-01-29 02:56:07.367170,0 days 00:00:33.947175,9.0,0.79,11.0,500.0,1000.0,350.0,0.95,COMPLETE
269,2409.3415631809717,2023-01-29 00:46:40.933657,2023-01-29 00:47:14.250173,0 days 00:00:33.316516,9.0,0.79,11.0,500.0,1000.0,300.0,0.95,COMPLETE
462,2409.3452085529484,2023-01-29 02:58:54.446508,2023-01-29 02:59:32.218106,0 days 00:00:37.771598,9.0,0.81,11.0,500.0,1000.0,375.0,0.95,COMPLETE
490,2409.37185170637,2023-01-29 03:20:14.223560,2023-01-29 03:21:00.602720,0 days 00:00:46.379160,9.0,0.79,11.0,500.0,1000.0,300.0,0.95,COMPLETE
218,2409.40315345456,2023-01-29 00:12:09.069656,2023-01-29 00:12:38.413552,0 days 00:00:29.343896,9.0,0.79,11.0,500.0,1000.0,300.0,0.95,COMPLETE
157,2409.410766518765,2023-01-28 23:33:28.212295,2023-01-28 23:33:57.077641,0 days 00:00:28.865346,9.0,0.79,11.0,500.0,1000.0,300.0,0.95,COMPLETE
292,2409.4117071190162,2023-01-29 01:02:10.364880,2023-01-29 01:02:43.695183,0 days 00:00:33.330303,9.0,0.79,11.0,500.0,1000.0,300.0,0.95,COMPLETE
282,2409.4141782605952,2023-01-29 00:55:29.096851,2023-01-29 00:56:03.027886,0 days 00:00:33.931035,9.0,0.79,11.0,500.0,1000.0,300.0,0.95,COMPLETE
188,2409.422879425213,2023-01-28 23:53:01.272583,2023-01-28 23:53:43.855822,0 days 00:00:42.583239,9.0,0.79,11.0,500.0,1000.0,300.0,0.95,COMPLETE
61,2409.428087078514,2023-01-28 22:31:22.639986,2023-01-28 22:31:52.391950,0 days 00:00:29.751964,9.0,0.79,11.0,500.0,1000.0,300.0,0.95,COMPLETE
394,2409.4370857706203,2023-01-29 02:10:29.132401,2023-01-29 02:11:06.359325,0 days 00:00:37.226924,9.0,0.79,11.0,500.0,1000.0,375.0,0.95,COMPLETE
296,2409.4600788289695,2023-01-29 01:04:55.687192,2023-01-29 01:05:30.782706,0 days 00:00:35.095514,9.0,0.79,11.0,500.0,1000.0,375.0,0.95,COMPLETE
466,2409.4765462689656,2023-01-29 03:02:01.255281,2023-01-29 03:02:36.105472,0 days 00:00:34.850191,9.0,0.77,11.0,500.0,1000.0,400.0,0.95,COMPLETE
211,2409.4785784931746,2023-01-29 00:07:50.088420,2023-01-29 00:08:21.198148,0 days 00:00:31.109728,9.0,0.79,11.0,500.0,1000.0,300.0,0.95,COMPLETE
252,2409.4958931611513,2023-01-29 00:34:48.076302,2023-01-29 00:35:21.800573,0 days 00:00:33.724271,9.0,0.79,11.0,500.0,1000.0,300.0,0.95,COMPLETE
343,2409.50539508366,2023-01-29 01:36:09.640721,2023-01-29 01:36:42.029838,0 days 00:00:32.389117,9.0,0.79,11.0,500.0,1000.0,325.0,0.95,COMPLETE
271,2409.519701612708,2023-01-29 00:48:04.070713,2023-01-29 00:48:36.872889,0 days 00:00:32.802176,9.0,0.79,11.0,500.0,1000.0,350.0,0.95,COMPLETE
71,2409.5210234589877,2023-01-28 22:37:51.420396,2023-01-28 22:38:24.816192,0 days 00:00:33.395796,9.0,0.79,11.0,500.0,1000.0,300.0,0.95,COMPLETE
393,2409.523417347732,2023-01-29 02:09:37.967180,2023-01-29 02:10:22.824185,0 days 00:00:44.857005,9.0,0.79,11.0,500.0,1000.0,300.0,0.95,COMPLETE
150,2409.529245752216,2023-01-28 23:29:24.586357,2023-01-28 23:29:53.919028,0 days 00:00:29.332671,9.0,0.79,11.0,500.0,1000.0,350.0,0.95,COMPLETE
303,2409.5356487484105,2023-01-29 01:09:17.368285,2023-01-29 01:09:51.361698,0 days 00:00:33.993413,9.0,0.79,11.0,500.0,1000.0,300.0,0.95,COMPLETE
298,2409.537651726548,2023-01-29 01:06:12.071268,2023-01-29 01:06:45.903028,0 days 00:00:33.831760,9.0,0.79,11.0,500.0,1000.0,300.0,0.95,COMPLETE
364,2409.5709832894318,2023-01-29 01:49:17.485990,2023-01-29 01:49:50.396507,0 days 00:00:32.910517,9.0,0.79,11.0,500.0,1000.0,300.0,0.95,COMPLETE
484,2409.585276037849,2023-01-29 03:15:36.103869,2023-01-29 03:16:07.825422,0 days 00:00:31.721553,9.0,0.77,11.0,500.0,1000.0,300.0,0.95,COMPLETE
144,2409.5935032749967,2023-01-28 23:25:21.576073,2023-01-28 23:26:11.729571,0 days 00:00:50.153498,9.0,0.79,11.0,500.0,1000.0,300.0,0.95,COMPLETE
424,2409.626905212003,2023-01-29 02:32:45.484413,2023-01-29 02:33:20.695213,0 days 00:00:35.210800,9.0,0.79,11.0,500.0,1000.0,300.0,0.95,COMPLETE
193,2409.642161456567,2023-01-28 23:56:14.506742,2023-01-28 23:56:51.808314,0 days 00:00:37.301572,9.0,0.79,11.0,500.0,1000.0,300.0,0.95,COMPLETE
163,2409.648746170649,2023-01-28 23:37:05.022407,2023-01-28 23:37:33.819653,0 days 00:00:28.797246,9.0,0.79,11.0,500.0,1000.0,300.0,0.95,COMPLETE
96,2409.6489806195204,2023-01-28 22:53:34.577644,2023-01-28 22:54:03.824913,0 days 00:00:29.247269,9.0,0.79,11.0,500.0,1000.0,300.0,0.95,COMPLETE
55,2409.6547188206737,2023-01-28 22:27:21.489675,2023-01-28 22:27:59.574926,0 days 00:00:38.085251,9.0,0.79,11.0,500.0,1000.0,300.0,0.95,COMPLETE
315,2409.6552455900937,2023-01-29 01:16:52.744388,2023-01-29 01:17:27.645115,0 days 00:00:34.900727,9.0,0.79,11.0,500.0,1000.0,300.0,0.95,COMPLETE
376,2409.6609092162203,2023-01-29 01:57:03.760616,2023-01-29 01:57:37.947008,0 days 00:00:34.186392,9.0,0.79,11.0,500.0,1000.0,300.0,0.95,COMPLETE
159,2409.6669516336474,2023-01-28 23:34:36.722280,2023-01-28 23:35:10.288490,0 days 00:00:33.566210,9.0,0.79,11.0,500.0,1000.0,300.0,0.95,COMPLETE
316,2409.6702266657494,2023-01-29 01:17:32.971889,2023-01-29 01:18:08.465916,0 days 00:00:35.494027,9.0,0.79,11.0,500.0,1000.0,375.0,0.95,COMPLETE
110,2409.6830164821163,2023-01-28 23:02:40.316584,2023-01-28 23:03:17.778587,0 days 00:00:37.462003,9.0,0.79,11.0,500.0,1000.0,300.0,0.95,COMPLETE
251,2409.6891111264213,2023-01-29 00:33:58.021842,2023-01-29 00:34:41.643463,0 days 00:00:43.621621,9.0,0.79,11.0,500.0,1000.0,300.0,0.95,COMPLETE
146,2409.693554925763,2023-01-28 23:26:54.953708,2023-01-28 23:27:24.139124,0 days 00:00:29.185416,9.0,0.79,11.0,500.0,1000.0,300.0,0.95,COMPLETE
143,2409.6982573026075,2023-01-28 23:24:46.058906,2023-01-28 23:25:15.393454,0 days 00:00:29.334548,9.0,0.79,11.0,500.0,1000.0,300.0,0.95,COMPLETE
290,2409.69936610811,2023-01-29 01:00:44.823698,2023-01-29 01:01:21.371654,0 days 00:00:36.547956,9.0,0.79,11.0,500.0,1000.0,350.0,0.95,COMPLETE
335,2409.7257109219313,2023-01-29 01:30:38.692238,2023-01-29 01:31:11.723346,0 days 00:00:33.031108,9.0,0.79,11.0,500.0,1000.0,350.0,0.95,COMPLETE
495,2409.7394510219874,2023-01-29 03:24:17.236632,2023-01-29 03:24:50.657518,0 days 00:00:33.420886,9.0,0.79,11.0,500.0,1000.0,300.0,0.95,COMPLETE
430,2409.74245358359,2023-01-29 02:37:00.595597,2023-01-29 02:37:35.379299,0 days 00:00:34.783702,9.0,0.79,11.0,500.0,1000.0,300.0,0.95,COMPLETE
232,2409.7772141930327,2023-01-29 00:20:59.342575,2023-01-29 00:21:30.440064,0 days 00:00:31.097489,9.0,0.79,11.0,500.0,1000.0,300.0,0.95,COMPLETE
214,2409.781312828013,2023-01-29 00:09:39.992557,2023-01-29 00:10:09.368551,0 days 00:00:29.375994,9.0,0.79,11.0,500.0,1000.0,300.0,0.95,COMPLETE
100,2409.7819908358406,2023-01-28 22:55:58.982766,2023-01-28 22:56:28.615030,0 days 00:00:29.632264,9.0,0.79,11.0,500.0,1000.0,300.0,0.95,COMPLETE
118,2409.7853376235716,2023-01-28 23:08:20.910968,2023-01-28 23:08:50.002213,0 days 00:00:29.091245,9.0,0.79,11.0,500.0,1000.0,300.0,0.95,COMPLETE
465,2409.7945800364323,2023-01-29 03:01:21.457090,2023-01-29 03:01:54.817107,0 days 00:00:33.360017,9.0,0.81,11.0,500.0,1000.0,350.0,0.95,COMPLETE
89,2409.794932277512,2023-01-28 22:49:24.248701,2023-01-28 22:50:03.139342,0 days 00:00:38.890641,9.0,0.79,11.0,500.0,1000.0,325.0,0.95,COMPLETE
182,2409.8200978625073,2023-01-28 23:49:10.929745,2023-01-28 23:49:50.020112,0 days 00:00:39.090367,9.0,0.79,11.0,500.0,1000.0,300.0,0.95,COMPLETE
403,2409.834080912787,2023-01-29 02:16:38.430354,2023-01-29 02:17:12.576630,0 days 00:00:34.146276,9.0,0.79,11.0,500.0,1000.0,375.0,0.95,COMPLETE
135,2409.8436091311123,2023-01-28 23:19:59.261956,2023-01-28 23:20:28.862158,0 days 00:00:29.600202,9.0,0.79,11.0,500.0,1000.0,300.0,0.95,COMPLETE
473,2409.851740444372,2023-01-29 03:07:21.307538,2023-01-29 03:07:53.957014,0 days 00:00:32.649476,9.0,0.79,11.0,500.0,1000.0,300.0,0.95,COMPLETE
145,2409.8522030051354,2023-01-28 23:26:18.634215,2023-01-28 23:26:48.273888,0 days 00:00:29.639673,9.0,0.79,11.0,500.0,1000.0,300.0,0.95,COMPLETE
235,2409.867445170556,2023-01-29 00:22:54.383569,2023-01-29 00:23:26.492996,0 days 00:00:32.109427,9.0,0.79,11.0,500.0,1000.0,400.0,0.95,COMPLETE
74,2409.8714489360173,2023-01-28 22:39:40.893120,2023-01-28 22:40:11.185828,0 days 00:00:30.292708,9.0,0.79,11.0,500.0,1000.0,300.0,0.95,COMPLETE
339,2409.880086592377,2023-01-29 01:33:20.036145,2023-01-29 01:33:59.072160,0 days 00:00:39.036015,9.0,0.79,11.0,500.0,1000.0,325.0,0.95,COMPLETE
169,2409.8924055770353,2023-01-28 23:40:37.442199,2023-01-28 23:41:07.453871,0 days 00:00:30.011672,9.0,0.79,11.0,500.0,1000.0,400.0,0.95,COMPLETE
349,2409.900964426685,2023-01-29 01:39:51.464344,2023-01-29 01:40:25.153228,0 days 00:00:33.688884,9.0,0.79,11.0,500.0,1000.0,300.0,0.95,COMPLETE
62,2409.905846953367,2023-01-28 22:31:58.990684,2023-01-28 22:32:29.627199,0 days 00:00:30.636515,9.0,0.79,11.0,500.0,1000.0,300.0,0.95,COMPLETE
414,2409.9123233968594,2023-01-29 02:25:08.273731,2023-01-29 02:25:53.201841,0 days 00:00:44.928110,9.0,0.79,11.0,500.0,1000.0,375.0,0.95,COMPLETE
153,2409.912884231396,2023-01-28 23:31:08.451703,2023-01-28 23:31:37.706583,0 days 00:00:29.254880,9.0,0.79,11.0,500.0,1000.0,300.0,0.95,COMPLETE
225,2409.913449809606,2023-01-29 00:16:27.424274,2023-01-29 00:17:07.608379,0 days 00:00:40.184105,9.0,0.79,11.0,500.0,1000.0,300.0,0.95,COMPLETE
328,2409.9178565812826,2023-01-29 01:25:53.063716,2023-01-29 01:26:26.480112,0 days 00:00:33.416396,9.0,0.79,11.0,500.0,1000.0,300.0,0.95,COMPLETE
220,2409.919068128238,2023-01-29 00:13:22.802760,2023-01-29 00:13:53.006106,0 days 00:00:30.203346,9.0,0.79,11.0,500.0,1000.0,300.0,0.95,COMPLETE
249,2409.9196882178358,2023-01-29 00:32:25.793121,2023-01-29 00:32:58.032858,0 days 00:00:32.239737,9.0,0.79,11.0,500.0,1000.0,375.0,0.95,COMPLETE
116,2409.928274102244,2023-01-28 23:06:56.669171,2023-01-28 23:07:29.993549,0 days 00:00:33.324378,9.0,0.79,11.0,500.0,1000.0,300.0,0.95,COMPLETE
302,2409.9294523290787,2023-01-29 01:08:36.032478,2023-01-29 01:09:10.642830,0 days 00:00:34.610352,9.0,0.79,11.0,500.0,1000.0,300.0,0.95,COMPLETE
285,2409.929732592597,2023-01-29 00:57:24.888948,2023-01-29 00:57:58.998141,0 days 00:00:34.109193,9.0,0.79,11.0,500.0,1000.0,300.0,0.95,COMPLETE
165,2409.9350345376433,2023-01-28 23:38:14.306324,2023-01-28 23:38:44.785336,0 days 00:00:30.479012,9.0,0.79,11.0,500.0,1000.0,300.0,0.95,COMPLETE
101,2409.9405366869564,2023-01-28 22:56:35.304710,2023-01-28 22:57:05.973879,0 days 00:00:30.669169,9.0,0.79,11.0,500.0,1000.0,300.0,0.95,COMPLETE
108,2409.9436543620895,2023-01-28 23:01:06.932723,2023-01-28 23:01:41.697129,0 days 00:00:34.764406,9.0,0.79,11.0,500.0,1000.0,300.0,0.95,COMPLETE
436,2409.946202551433,2023-01-29 02:41:05.544925,2023-01-29 02:41:40.304623,0 days 00:00:34.759698,8.0,0.79,11.0,500.0,1000.0,300.0,0.9,COMPLETE
106,2409.970361930796,2023-01-28 22:59:44.697575,2023-01-28 23:00:15.827117,0 days 00:00:31.129542,9.0,0.79,11.0,500.0,1000.0,300.0,0.95,COMPLETE
212,2409.983507006369,2023-01-29 00:08:27.516207,2023-01-29 00:08:56.943944,0 days 00:00:29.427737,9.0,0.79,11.0,500.0,1000.0,300.0,0.95,COMPLETE
207,2409.9838937520394,2023-01-29 00:05:20.019847,2023-01-29 00:05:55.323809,0 days 00:00:35.303962,9.0,0.79,11.0,500.0,1000.0,300.0,0.95,COMPLETE
85,2409.9851905564205,2023-01-28 22:46:48.474666,2023-01-28 22:47:29.089441,0 days 00:00:40.614775,9.0,0.79,11.0,500.0,1000.0,300.0,0.95,COMPLETE
492,2409.9967445158936,2023-01-29 03:21:41.576685,2023-01-29 03:22:33.049206,0 days 00:00:51.472521,9.0,0.79,11.0,500.0,1000.0,375.0,0.95,COMPLETE
41,2410.048903411474,2023-01-28 22:18:18.676971,2023-01-28 22:18:47.386289,0 days 00:00:28.709318,9.0,0.79,11.0,500.0,1000.0,325.0,0.95,COMPLETE
81,2410.0497285373785,2023-01-28 22:44:16.521236,2023-01-28 22:44:52.906763,0 days 00:00:36.385527,9.0,0.79,11.0,500.0,1000.0,300.0,0.95,COMPLETE
224,2410.052716439435,2023-01-29 00:15:51.275404,2023-01-29 00:16:20.624397,0 days 00:00:29.348993,9.0,0.79,11.0,500.0,1000.0,300.0,0.95,COMPLETE
361,2410.053686392731,2023-01-29 01:47:21.747642,2023-01-29 01:47:56.240919,0 days 00:00:34.493277,9.0,0.79,11.0,500.0,1000.0,325.0,0.95,COMPLETE
310,2410.060756535741,2023-01-29 01:13:40.736346,2023-01-29 01:14:14.685387,0 days 00:00:33.949041,9.0,0.79,11.0,500.0,1000.0,300.0,0.95,COMPLETE
314,2410.0631506984355,2023-01-29 01:16:15.625259,2023-01-29 01:16:48.252988,0 days 00:00:32.627729,9.0,0.79,11.0,500.0,1000.0,375.0,0.95,COMPLETE
111,2410.0648376357112,2023-01-28 23:03:23.905949,2023-01-28 23:04:04.469568,0 days 00:00:40.563619,9.0,0.79,11.0,500.0,1000.0,300.0,0.95,COMPLETE
127,2410.076275974448,2023-01-28 23:14:35.656536,2023-01-28 23:15:11.502359,0 days 00:00:35.845823,9.0,0.79,11.0,500.0,1000.0,300.0,0.95,COMPLETE
318,2410.0807265126277,2023-01-29 01:18:55.557456,2023-01-29 01:19:27.520719,0 days 00:00:31.963263,9.0,0.79,11.0,500.0,1000.0,375.0,0.95,COMPLETE
358,2410.0863879347985,2023-01-29 01:45:32.177178,2023-01-29 01:46:06.165029,0 days 00:00:33.987851,9.0,0.79,11.0,500.0,1000.0,300.0,0.95,COMPLETE
194,2410.0906029571756,2023-01-28 23:56:58.014051,2023-01-28 23:57:28.804389,0 days 00:00:30.790338,9.0,0.79,11.0,500.0,1000.0,300.0,0.95,COMPLETE
267,2410.0968694730027,2023-01-29 00:45:21.482582,2023-01-29 00:45:54.551232,0 days 00:00:33.068650,9.0,0.79,11.0,500.0,1000.0,300.0,0.95,COMPLETE
401,2410.1241661428626,2023-01-29 02:15:20.830515,2023-01-29 02:15:52.377486,0 days 00:00:31.546971,9.0,0.79,11.0,500.0,1000.0,325.0,0.95,COMPLETE
418,2410.132024888903,2023-01-29 02:28:29.795804,2023-01-29 02:29:06.657834,0 days 00:00:36.862030,9.0,0.79,11.0,500.0,1000.0,325.0,0.95,COMPLETE
287,2410.1324346977335,2023-01-29 00:58:43.685494,2023-01-29 00:59:18.103226,0 days 00:00:34.417732,9.0,0.79,11.0,500.0,1000.0,300.0,0.95,COMPLETE
396,2410.1336875365814,2023-01-29 02:11:53.039065,2023-01-29 02:12:35.549729,0 days 00:00:42.510664,9.0,0.77,11.0,500.0,1000.0,300.0,0.95,COMPLETE
341,2410.146019815987,2023-01-29 01:34:42.278910,2023-01-29 01:35:25.331557,0 days 00:00:43.052647,9.0,0.79,11.0,500.0,1000.0,350.0,0.95,COMPLETE
453,2410.156827710141,2023-01-29 02:52:49.182571,2023-01-29 02:53:23.700981,0 days 00:00:34.518410,9.0,0.79,11.0,500.0,1000.0,350.0,0.95,COMPLETE
222,2410.165620560762,2023-01-29 00:14:35.462372,2023-01-29 00:15:08.189378,0 days 00:00:32.727006,9.0,0.79,11.0,500.0,1000.0,300.0,0.95,COMPLETE
359,2410.1721652075985,2023-01-29 01:46:10.334049,2023-01-29 01:46:42.439572,0 days 00:00:32.105523,9.0,0.79,11.0,500.0,1000.0,300.0,0.95,COMPLETE
162,2410.178573530602,2023-01-28 23:36:28.442784,2023-01-28 23:36:58.282003,0 days 00:00:29.839219,9.0,0.79,11.0,500.0,1000.0,300.0,0.95,COMPLETE
66,2410.1786095389534,2023-01-28 22:34:37.328676,2023-01-28 22:35:06.835378,0 days 00:00:29.506702,9.0,0.79,11.0,500.0,1000.0,300.0,0.95,COMPLETE
389,2410.1870946286795,2023-01-29 02:06:34.873031,2023-01-29 02:07:14.620640,0 days 00:00:39.747609,9.0,0.79,11.0,500.0,1000.0,300.0,0.95,COMPLETE
42,2410.1887516101565,2023-01-28 22:18:54.396493,2023-01-28 22:19:31.777641,0 days 00:00:37.381148,9.0,0.79,11.0,500.0,1000.0,300.0,0.95,COMPLETE
99,2410.1963953953764,2023-01-28 22:55:22.793061,2023-01-28 22:55:52.382440,0 days 00:00:29.589379,9.0,0.79,11.0,500.0,1000.0,300.0,0.95,COMPLETE
415,2410.204129053371,2023-01-29 02:25:59.599392,2023-01-29 02:26:41.404645,0 days 00:00:41.805253,9.0,0.79,11.0,500.0,1000.0,300.0,0.95,COMPLETE
327,2410.2141878190314,2023-01-29 01:25:16.781694,2023-01-29 01:25:49.174155,0 days 00:00:32.392461,9.0,0.79,11.0,500.0,1000.0,300.0,0.95,COMPLETE
325,2410.2151529227763,2023-01-29 01:23:57.178887,2023-01-29 01:24:30.744546,0 days 00:00:33.565659,9.0,0.79,11.0,500.0,1000.0,375.0,0.95,COMPLETE
141,2410.2178965021612,2023-01-28 23:23:29.671069,2023-01-28 23:23:59.712241,0 days 00:00:30.041172,9.0,0.79,11.0,500.0,1000.0,300.0,0.95,COMPLETE
382,2410.2186979968824,2023-01-29 02:00:42.649377,2023-01-29 02:01:33.273693,0 days 00:00:50.624316,9.0,0.79,11.0,500.0,1000.0,300.0,0.95,COMPLETE
308,2410.2325341125706,2023-01-29 01:12:25.133576,2023-01-29 01:12:59.194242,0 days 00:00:34.060666,9.0,0.79,11.0,500.0,1000.0,300.0,0.95,COMPLETE
121,2410.235078686924,2023-01-28 23:10:20.967384,2023-01-28 23:10:56.448966,0 days 00:00:35.481582,9.0,0.79,11.0,500.0,1000.0,300.0,0.95,COMPLETE
478,2410.241740953229,2023-01-29 03:11:02.576514,2023-01-29 03:11:36.438483,0 days 00:00:33.861969,9.0,0.79,11.0,500.0,1000.0,300.0,0.95,COMPLETE
391,2410.2487166516503,2023-01-29 02:08:06.383439,2023-01-29 02:08:43.128801,0 days 00:00:36.745362,9.0,0.79,11.0,500.0,1000.0,300.0,0.95,COMPLETE
372,2410.2591112229125,2023-01-29 01:54:19.101324,2023-01-29 01:54:53.268333,0 days 00:00:34.167009,9.0,0.79,11.0,500.0,1000.0,300.0,0.95,COMPLETE
363,2410.287671510423,2023-01-29 01:48:40.276706,2023-01-29 01:49:12.891422,0 days 00:00:32.614716,9.0,0.79,11.0,500.0,1000.0,300.0,0.95,COMPLETE
202,2410.296137692515,2023-01-29 00:01:57.443613,2023-01-29 00:02:27.515689,0 days 00:00:30.072076,9.0,0.79,11.0,500.0,1000.0,375.0,0.95,COMPLETE
409,2410.303031102467,2023-01-29 02:21:13.543800,2023-01-29 02:21:55.924385,0 days 00:00:42.380585,9.0,0.81,11.0,500.0,1000.0,300.0,0.95,COMPLETE
472,2410.3085598072207,2023-01-29 03:06:29.363885,2023-01-29 03:07:14.823558,0 days 00:00:45.459673,9.0,0.77,11.0,500.0,1000.0,300.0,0.95,COMPLETE
444,2410.311492641087,2023-01-29 02:46:39.633230,2023-01-29 02:47:13.515263,0 days 00:00:33.882033,9.0,0.79,11.0,500.0,1000.0,300.0,0.95,COMPLETE
351,2410.314514309684,2023-01-29 01:41:08.469525,2023-01-29 01:41:42.161116,0 days 00:00:33.691591,9.0,0.79,11.0,500.0,1000.0,300.0,0.95,COMPLETE
281,2410.3196632314607,2023-01-29 00:54:48.490301,2023-01-29 00:55:22.362967,0 days 00:00:33.872666,9.0,0.79,11.0,500.0,1000.0,300.0,0.95,COMPLETE
266,2410.3277935791875,2023-01-29 00:44:40.147225,2023-01-29 00:45:14.572515,0 days 00:00:34.425290,9.0,0.79,11.0,500.0,1000.0,300.0,0.95,COMPLETE
264,2410.354939026623,2023-01-29 00:43:19.625639,2023-01-29 00:43:54.182263,0 days 00:00:34.556624,9.0,0.79,11.0,500.0,1000.0,300.0,0.95,COMPLETE
179,2410.355745101333,2023-01-28 23:46:59.077403,2023-01-28 23:47:37.095696,0 days 00:00:38.018293,9.0,0.79,11.0,500.0,1000.0,300.0,0.95,COMPLETE
76,2410.3572633140193,2023-01-28 22:41:10.854726,2023-01-28 22:41:40.009868,0 days 00:00:29.155142,9.0,0.79,11.0,500.0,1000.0,325.0,0.95,COMPLETE
378,2410.364583237593,2023-01-29 01:58:20.809250,2023-01-29 01:58:54.423089,0 days 00:00:33.613839,9.0,0.79,11.0,500.0,1000.0,300.0,0.95,COMPLETE
440,2410.365390482187,2023-01-29 02:43:59.160346,2023-01-29 02:44:31.803778,0 days 00:00:32.643432,9.0,0.79,11.0,525.0,1000.0,300.0,0.95,COMPLETE
82,2410.37057982655,2023-01-28 22:44:59.524494,2023-01-28 22:45:29.358945,0 days 00:00:29.834451,9.0,0.79,11.0,500.0,1000.0,300.0,0.95,COMPLETE
148,2410.3790085261476,2023-01-28 23:28:09.711172,2023-01-28 23:28:38.906547,0 days 00:00:29.195375,9.0,0.79,11.0,500.0,1000.0,300.0,0.95,COMPLETE
365,2410.387437462713,2023-01-29 01:49:54.605428,2023-01-29 01:50:27.793459,0 days 00:00:33.188031,9.0,0.79,11.0,500.0,1000.0,350.0,0.95,COMPLETE
91,2410.391268725001,2023-01-28 22:50:45.897259,2023-01-28 22:51:14.924281,0 days 00:00:29.027022,9.0,0.79,11.0,500.0,1000.0,300.0,0.95,COMPLETE
467,2410.398793764956,2023-01-29 03:02:42.606424,2023-01-29 03:03:22.139863,0 days 00:00:39.533439,9.0,0.81,11.0,500.0,1000.0,350.0,0.95,COMPLETE
390,2410.4068785005907,2023-01-29 02:07:20.806726,2023-01-29 02:08:00.127961,0 days 00:00:39.321235,9.0,0.79,11.0,500.0,1000.0,300.0,0.95,COMPLETE
105,2410.4165834918413,2023-01-28 22:59:08.297060,2023-01-28 22:59:38.430677,0 days 00:00:30.133617,9.0,0.79,11.0,500.0,1000.0,300.0,0.95,COMPLETE
237,2410.423432727113,2023-01-29 00:24:26.845210,2023-01-29 00:25:00.585370,0 days 00:00:33.740160,9.0,0.79,11.0,500.0,1000.0,300.0,0.95,COMPLETE
133,2410.4315746738184,2023-01-28 23:18:18.972346,2023-01-28 23:19:04.497630,0 days 00:00:45.525284,9.0,0.79,11.0,500.0,1000.0,300.0,0.95,COMPLETE
309,2410.436654203897,2023-01-29 01:13:03.345262,2023-01-29 01:13:36.340404,0 days 00:00:32.995142,9.0,0.79,11.0,500.0,1000.0,400.0,0.95,COMPLETE
79,2410.450734315525,2023-01-28 22:43:09.347419,2023-01-28 22:43:38.713320,0 days 00:00:29.365901,9.0,0.79,11.0,525.0,1000.0,325.0,0.95,COMPLETE
368,2410.461833795676,2023-01-29 01:51:46.107465,2023-01-29 01:52:19.827715,0 days 00:00:33.720250,9.0,0.79,11.0,500.0,1000.0,300.0,0.95,COMPLETE
51,2410.4649106325774,2023-01-28 22:24:33.123705,2023-01-28 22:25:07.215517,0 days 00:00:34.091812,9.0,0.79,11.0,500.0,1000.0,300.0,0.95,COMPLETE
117,2410.4715962284176,2023-01-28 23:07:42.149852,2023-01-28 23:08:14.500256,0 days 00:00:32.350404,9.0,0.79,11.0,500.0,1000.0,300.0,0.95,COMPLETE
15,2410.482338339471,2023-01-28 22:02:47.207693,2023-01-28 22:03:17.477588,0 days 00:00:30.269895,8.0,0.81,11.0,500.0,1000.0,325.0,0.85,COMPLETE
1,2410.4885971283397,2023-01-28 21:54:38.914090,2023-01-28 21:55:20.344555,0 days 00:00:41.430465,8.0,0.81,11.0,525.0,1000.0,400.0,0.95,COMPLETE
342,2410.494848275264,2023-01-29 01:35:31.411986,2023-01-29 01:36:05.405534,0 days 00:00:33.993548,9.0,0.79,11.0,500.0,1000.0,350.0,0.95,COMPLETE
338,2410.5122708806057,2023-01-29 01:32:40.722941,2023-01-29 01:33:15.151323,0 days 00:00:34.428382,9.0,0.79,11.0,500.0,1000.0,325.0,0.95,COMPLETE
450,2410.5165026184554,2023-01-29 02:50:34.134131,2023-01-29 02:51:17.397295,0 days 00:00:43.263164,9.0,0.79,11.0,500.0,1000.0,350.0,0.95,COMPLETE
400,2410.532107945429,2023-01-29 02:14:43.393928,2023-01-29 02:15:16.548398,0 days 00:00:33.154470,9.0,0.79,11.0,500.0,1000.0,300.0,0.95,COMPLETE
413,2410.5357784402936,2023-01-29 02:24:26.871344,2023-01-29 02:25:01.946295,0 days 00:00:35.074951,9.0,0.79,11.0,500.0,1000.0,300.0,0.95,COMPLETE
226,2410.5383404270415,2023-01-29 00:17:12.274935,2023-01-29 00:17:41.316983,0 days 00:00:29.042048,9.0,0.79,11.0,500.0,1000.0,300.0,0.95,COMPLETE
346,2410.54089312629,2023-01-29 01:37:56.067948,2023-01-29 01:38:28.908696,0 days 00:00:32.840748,9.0,0.79,11.0,500.0,1000.0,300.0,0.95,COMPLETE
197,2410.54300224788,2023-01-28 23:58:40.228416,2023-01-28 23:59:10.179114,0 days 00:00:29.950698,9.0,0.79,11.0,500.0,1000.0,300.0,0.95,COMPLETE
147,2410.5434781265494,2023-01-28 23:27:30.280774,2023-01-28 23:28:05.578325,0 days 00:00:35.297551,9.0,0.79,11.0,500.0,1000.0,300.0,0.95,COMPLETE
498,2410.5439438142807,2023-01-29 03:26:12.871072,2023-01-29 03:26:47.182086,0 days 00:00:34.311014,9.0,0.79,11.0,500.0,1000.0,300.0,0.95,COMPLETE
422,2410.5503186017527,2023-01-29 02:31:07.938124,2023-01-29 02:31:45.678097,0 days 00:00:37.739973,9.0,0.79,11.0,500.0,1000.0,300.0,0.95,COMPLETE
132,2410.5515048449442,2023-01-28 23:17:40.664275,2023-01-28 23:18:12.687897,0 days 00:00:32.023622,9.0,0.79,11.0,500.0,1000.0,300.0,0.95,COMPLETE
52,2410.554657012274,2023-01-28 22:25:13.541194,2023-01-28 22:25:43.231817,0 days 00:00:29.690623,9.0,0.79,11.0,500.0,1000.0,300.0,0.95,COMPLETE
356,2410.5929568465535,2023-01-29 01:44:16.760249,2023-01-29 01:44:49.782790,0 days 00:00:33.022541,9.0,0.79,11.0,525.0,1000.0,300.0,0.95,COMPLETE
323,2410.609009892462,2023-01-29 01:22:33.853433,2023-01-29 01:23:06.247001,0 days 00:00:32.393568,9.0,0.77,11.0,500.0,1000.0,325.0,0.95,COMPLETE
63,2410.6187964348346,2023-01-28 22:32:36.349946,2023-01-28 22:33:15.965038,0 days 00:00:39.615092,9.0,0.79,11.0,500.0,1000.0,300.0,0.95,COMPLETE
45,2410.6211976480868,2023-01-28 22:20:53.291628,2023-01-28 22:21:38.472987,0 days 00:00:45.181359,9.0,0.79,11.0,500.0,1000.0,300.0,0.95,COMPLETE
480,2410.630649070625,2023-01-29 03:12:25.634102,2023-01-29 03:13:07.794624,0 days 00:00:42.160522,9.0,0.79,11.0,500.0,1000.0,300.0,0.95,COMPLETE
322,2410.644691696756,2023-01-29 01:21:52.505023,2023-01-29 01:22:27.607649,0 days 00:00:35.102626,9.0,0.79,11.0,500.0,1000.0,300.0,0.95,COMPLETE
291,2410.6905435937115,2023-01-29 01:01:26.105319,2023-01-29 01:01:59.899280,0 days 00:00:33.793961,9.0,0.79,11.0,500.0,1000.0,300.0,0.95,COMPLETE
481,2410.6964723127344,2023-01-29 03:13:14.086273,2023-01-29 03:13:48.296387,0 days 00:00:34.210114,9.0,0.79,11.0,500.0,1000.0,300.0,0.95,COMPLETE
213,2410.7354358356424,2023-01-29 00:09:03.368273,2023-01-29 00:09:33.593570,0 days 00:00:30.225297,9.0,0.79,11.0,500.0,1000.0,300.0,0.95,COMPLETE
398,2410.75299960011,2023-01-29 02:13:21.176761,2023-01-29 02:13:53.820585,0 days 00:00:32.643824,9.0,0.79,11.0,500.0,1000.0,300.0,0.95,COMPLETE
433,2410.7633089490223,2023-01-29 02:39:00.399571,2023-01-29 02:39:35.570069,0 days 00:00:35.170498,9.0,0.79,11.0,500.0,1000.0,375.0,0.95,COMPLETE
44,2410.7732554428294,2023-01-28 22:20:16.187193,2023-01-28 22:20:46.853487,0 days 00:00:30.666294,9.0,0.79,11.0,500.0,1000.0,300.0,0.95,COMPLETE
432,2410.780322907281,2023-01-29 02:38:22.095658,2023-01-29 02:38:55.690899,0 days 00:00:33.595241,9.0,0.79,11.0,500.0,1000.0,300.0,0.95,COMPLETE
459,2410.7908661264855,2023-01-29 02:56:54.928369,2023-01-29 02:57:28.134187,0 days 00:00:33.205818,9.0,0.79,11.0,500.0,1000.0,375.0,0.95,COMPLETE
167,2410.7922431092297,2023-01-28 23:39:27.915208,2023-01-28 23:39:58.324980,0 days 00:00:30.409772,9.0,0.79,11.0,500.0,1000.0,300.0,0.95,COMPLETE
442,2410.7928462723116,2023-01-29 02:45:21.630211,2023-01-29 02:45:55.004497,0 days 00:00:33.374286,9.0,0.79,11.0,500.0,1000.0,300.0,0.95,COMPLETE
294,2410.8129404732176,2023-01-29 01:03:34.966506,2023-01-29 01:04:10.468606,0 days 00:00:35.502100,9.0,0.79,11.0,500.0,1000.0,300.0,0.95,COMPLETE
139,2410.821240265868,2023-01-28 23:22:28.711962,2023-01-28 23:22:59.451387,0 days 00:00:30.739425,9.0,0.79,11.0,500.0,1000.0,300.0,0.95,COMPLETE
479,2410.821319189827,2023-01-29 03:11:42.923156,2023-01-29 03:12:16.017549,0 days 00:00:33.094393,9.0,0.79,11.0,500.0,1000.0,350.0,0.9,COMPLETE
75,2410.823903798603,2023-01-28 22:40:17.352465,2023-01-28 22:41:04.439550,0 days 00:00:47.087085,9.0,0.79,11.0,500.0,1000.0,300.0,0.95,COMPLETE
425,2410.832874748841,2023-01-29 02:33:26.885072,2023-01-29 02:34:00.847265,0 days 00:00:33.962193,9.0,0.79,11.0,500.0,1000.0,300.0,0.95,COMPLETE
221,2410.836762504412,2023-01-29 00:13:59.236624,2023-01-29 00:14:28.648551,0 days 00:00:29.411927,9.0,0.79,11.0,500.0,1000.0,300.0,0.95,COMPLETE
234,2410.8571634406158,2023-01-29 00:22:15.871633,2023-01-29 00:22:47.570776,0 days 00:00:31.699143,9.0,0.79,11.0,500.0,1000.0,300.0,0.95,COMPLETE
371,2410.86151171185,2023-01-29 01:53:39.016986,2023-01-29 01:54:14.132473,0 days 00:00:35.115487,9.0,0.79,11.0,500.0,1000.0,300.0,0.95,COMPLETE
230,2410.868097441304,2023-01-29 00:19:40.167760,2023-01-29 00:20:16.525549,0 days 00:00:36.357789,9.0,0.79,11.0,500.0,1000.0,300.0,0.95,COMPLETE
297,2410.8777349304546,2023-01-29 01:05:34.883525,2023-01-29 01:06:07.460345,0 days 00:00:32.576820,9.0,0.79,11.0,500.0,1000.0,300.0,0.95,COMPLETE
240,2410.878558932756,2023-01-29 00:26:21.661679,2023-01-29 00:26:57.985402,0 days 00:00:36.323723,9.0,0.79,11.0,500.0,1000.0,300.0,0.95,COMPLETE
485,2410.8939450761827,2023-01-29 03:16:42.706820,2023-01-29 03:17:31.087276,0 days 00:00:48.380456,9.0,0.79,11.0,525.0,1000.0,300.0,0.95,COMPLETE
178,2410.9332945886354,2023-01-28 23:46:11.920565,2023-01-28 23:46:52.205915,0 days 00:00:40.285350,9.0,0.79,11.0,500.0,1000.0,300.0,0.95,COMPLETE
83,2410.934100192902,2023-01-28 22:45:36.085960,2023-01-28 22:46:05.601731,0 days 00:00:29.515771,9.0,0.79,11.0,525.0,1000.0,300.0,0.95,COMPLETE
347,2410.945872347965,2023-01-29 01:38:35.624406,2023-01-29 01:39:08.519170,0 days 00:00:32.894764,9.0,0.79,11.0,500.0,1000.0,350.0,0.95,COMPLETE
60,2410.9581441854243,2023-01-28 22:30:46.483078,2023-01-28 22:31:16.292572,0 days 00:00:29.809494,9.0,0.79,11.0,525.0,1000.0,300.0,0.95,COMPLETE
236,2411.0033754004107,2023-01-29 00:23:33.593455,2023-01-29 00:24:20.400413,0 days 00:00:46.806958,9.0,0.79,11.0,500.0,1000.0,300.0,0.95,COMPLETE
185,2411.0076302012285,2023-01-28 23:51:11.977159,2023-01-28 23:51:41.133691,0 days 00:00:29.156532,9.0,0.79,11.0,500.0,1000.0,300.0,0.95,COMPLETE
68,2411.0116094804844,2023-01-28 22:35:50.121507,2023-01-28 22:36:27.671756,0 days 00:00:37.550249,9.0,0.79,11.0,525.0,1000.0,300.0,0.95,COMPLETE
366,2411.01561628112,2023-01-29 01:50:31.799623,2023-01-29 01:51:04.476069,0 days 00:00:32.676446,9.0,0.79,11.0,500.0,1000.0,300.0,0.95,COMPLETE
353,2411.050138312562,2023-01-29 01:42:24.824064,2023-01-29 01:42:57.013091,0 days 00:00:32.189027,9.0,0.79,11.0,500.0,1000.0,300.0,0.95,COMPLETE
452,2411.0507458022003,2023-01-29 02:51:58.414124,2023-01-29 02:52:42.704251,0 days 00:00:44.290127,9.0,0.79,11.0,500.0,1000.0,325.0,0.95,COMPLETE
241,2411.051484623942,2023-01-29 00:27:02.082771,2023-01-29 00:27:34.875925,0 days 00:00:32.793154,9.0,0.79,11.0,500.0,1000.0,300.0,0.95,COMPLETE
201,2411.052748486959,2023-01-29 00:01:08.620498,2023-01-29 00:01:51.071476,0 days 00:00:42.450978,9.0,0.79,11.0,500.0,1000.0,375.0,0.95,COMPLETE
114,2411.0566434642337,2023-01-28 23:05:30.978816,2023-01-28 23:06:03.627469,0 days 00:00:32.648653,9.0,0.79,11.0,500.0,1000.0,300.0,0.95,COMPLETE
280,2411.0622646692286,2023-01-29 00:54:10.201615,2023-01-29 00:54:43.729415,0 days 00:00:33.527800,9.0,0.79,11.0,500.0,1000.0,300.0,0.95,COMPLETE
97,2411.0765009111683,2023-01-28 22:54:09.999674,2023-01-28 22:54:39.872976,0 days 00:00:29.873302,9.0,0.79,11.0,500.0,1000.0,300.0,0.95,COMPLETE
189,2411.094178005372,2023-01-28 23:53:49.989342,2023-01-28 23:54:19.417930,0 days 00:00:29.428588,9.0,0.79,11.0,500.0,1000.0,300.0,0.95,COMPLETE
275,2411.127358746212,2023-01-29 00:50:43.002738,2023-01-29 00:51:22.619366,0 days 00:00:39.616628,9.0,0.79,11.0,500.0,1000.0,325.0,0.95,COMPLETE
273,2411.1494836135503,2023-01-29 00:49:22.848792,2023-01-29 00:49:57.809804,0 days 00:00:34.961012,9.0,0.79,11.0,500.0,1000.0,375.0,0.95,COMPLETE
125,2411.1567143535485,2023-01-28 23:13:14.389437,2023-01-28 23:13:53.560152,0 days 00:00:39.170715,9.0,0.79,11.0,500.0,1000.0,300.0,0.95,COMPLETE
200,2411.1812639905397,2023-01-29 00:00:29.411573,2023-01-29 00:01:01.691913,0 days 00:00:32.280340,9.0,0.79,11.0,500.0,1000.0,375.0,0.95,COMPLETE
28,2411.183595758026,2023-01-28 22:10:51.394661,2023-01-28 22:11:30.077926,0 days 00:00:38.683265,9.0,0.79,11.0,525.0,1000.0,325.0,0.95,COMPLETE
13,2411.2167155783904,2023-01-28 22:01:37.829559,2023-01-28 22:02:07.137563,0 days 00:00:29.308004,8.0,0.81,11.0,500.0,1000.0,325.0,0.85,COMPLETE
367,2411.287775659911,2023-01-29 01:51:08.963327,2023-01-29 01:51:41.684358,0 days 00:00:32.721031,9.0,0.79,11.0,500.0,1000.0,300.0,0.95,COMPLETE
388,2411.3106845350962,2023-01-29 02:05:22.695222,2023-01-29 02:06:17.119940,0 days 00:00:54.424718,9.0,0.79,11.0,500.0,1000.0,300.0,0.95,COMPLETE
160,2411.36995278825,2023-01-28 23:35:16.815390,2023-01-28 23:35:45.694895,0 days 00:00:28.879505,9.0,0.79,11.0,500.0,1000.0,300.0,0.95,COMPLETE
320,2411.3726960813033,2023-01-29 01:20:16.861746,2023-01-29 01:21:04.182664,0 days 00:00:47.320918,9.0,0.79,11.0,500.0,1000.0,300.0,0.95,COMPLETE
158,2411.381831412116,2023-01-28 23:34:01.365099,2023-01-28 23:34:30.555879,0 days 00:00:29.190780,9.0,0.79,11.0,500.0,1000.0,300.0,0.95,COMPLETE
321,2411.455228484621,2023-01-29 01:21:10.370958,2023-01-29 01:21:45.960137,0 days 00:00:35.589179,9.0,0.79,11.0,525.0,1000.0,300.0,0.95,COMPLETE
50,2411.4595785037905,2023-01-28 22:23:58.714505,2023-01-28 22:24:28.578933,0 days 00:00:29.864428,9.0,0.79,11.0,500.0,1000.0,300.0,0.95,COMPLETE
31,2411.46237438168,2023-01-28 22:12:33.370225,2023-01-28 22:13:03.794491,0 days 00:00:30.424266,9.0,0.79,11.0,500.0,1000.0,325.0,0.95,COMPLETE
494,2411.469399782155,2023-01-29 03:23:30.613901,2023-01-29 03:24:10.186659,0 days 00:00:39.572758,9.0,0.79,11.0,500.0,1000.0,300.0,0.95,COMPLETE
464,2411.5050048166536,2023-01-29 03:00:37.078378,2023-01-29 03:01:15.111671,0 days 00:00:38.033293,9.0,0.77,11.0,500.0,1000.0,400.0,0.95,COMPLETE
238,2411.6016025142126,2023-01-29 00:25:07.224559,2023-01-29 00:25:40.882778,0 days 00:00:33.658219,9.0,0.79,11.0,500.0,1000.0,300.0,0.95,COMPLETE
416,2411.6041331898155,2023-01-29 02:26:48.083288,2023-01-29 02:27:25.093506,0 days 00:00:37.010218,9.0,0.79,11.0,525.0,1000.0,300.0,0.95,COMPLETE
277,2411.6091227858815,2023-01-29 00:52:10.405495,2023-01-29 00:52:43.674786,0 days 00:00:33.269291,9.0,0.79,11.0,500.0,1000.0,300.0,0.95,COMPLETE
72,2411.6311820217475,2023-01-28 22:38:31.412394,2023-01-28 22:39:00.499360,0 days 00:00:29.086966,9.0,0.79,11.0,500.0,1000.0,300.0,0.95,COMPLETE
112,2411.6416262966204,2023-01-28 23:04:10.955883,2023-01-28 23:04:47.656326,0 days 00:00:36.700443,9.0,0.79,11.0,500.0,1000.0,300.0,0.95,COMPLETE
186,2411.644051857438,2023-01-28 23:51:45.525546,2023-01-28 23:52:14.474400,0 days 00:00:28.948854,9.0,0.79,11.0,500.0,1000.0,300.0,0.95,COMPLETE
258,2411.644711098584,2023-01-29 00:39:05.579962,2023-01-29 00:39:37.786184,0 days 00:00:32.206222,9.0,0.79,11.0,500.0,1000.0,300.0,0.95,COMPLETE
149,2411.648790903126,2023-01-28 23:28:45.694450,2023-01-28 23:29:18.338104,0 days 00:00:32.643654,9.0,0.79,11.0,500.0,1000.0,300.0,0.95,COMPLETE
256,2411.6621973475458,2023-01-29 00:37:41.895653,2023-01-29 00:38:29.204693,0 days 00:00:47.309040,9.0,0.79,11.0,500.0,1000.0,300.0,0.95,COMPLETE
30,2411.6948472285253,2023-01-28 22:11:59.253366,2023-01-28 22:12:29.068475,0 days 00:00:29.815109,9.0,0.79,11.0,525.0,1000.0,375.0,0.95,COMPLETE
123,2411.7139657462526,2023-01-28 23:11:39.667150,2023-01-28 23:12:08.930979,0 days 00:00:29.263829,9.0,0.79,11.0,500.0,1000.0,300.0,0.95,COMPLETE
431,2411.72164634483,2023-01-29 02:37:41.829025,2023-01-29 02:38:15.332936,0 days 00:00:33.503911,9.0,0.79,11.0,500.0,1000.0,300.0,0.95,COMPLETE
216,2411.726029302075,2023-01-29 00:10:56.723752,2023-01-29 00:11:25.978142,0 days 00:00:29.254390,9.0,0.79,11.0,500.0,1000.0,300.0,0.95,COMPLETE
205,2411.7294076013736,2023-01-29 00:04:07.343197,2023-01-29 00:04:36.174987,0 days 00:00:28.831790,9.0,0.79,11.0,500.0,1000.0,300.0,0.95,COMPLETE
489,2411.732382634132,2023-01-29 03:19:27.086320,2023-01-29 03:20:08.198136,0 days 00:00:41.111816,9.0,0.79,11.0,500.0,1000.0,300.0,0.95,COMPLETE
369,2411.7328785877075,2023-01-29 01:52:24.253458,2023-01-29 01:52:57.280072,0 days 00:00:33.026614,9.0,0.79,11.0,500.0,1000.0,300.0,0.95,COMPLETE
142,2411.7378947648513,2023-01-28 23:24:05.947784,2023-01-28 23:24:39.254803,0 days 00:00:33.307019,9.0,0.79,11.0,500.0,1000.0,300.0,0.95,COMPLETE
244,2411.7483671133596,2023-01-29 00:29:00.618923,2023-01-29 00:29:33.657834,0 days 00:00:33.038911,9.0,0.79,11.0,500.0,1000.0,300.0,0.95,COMPLETE
254,2411.7940130359298,2023-01-29 00:36:12.646584,2023-01-29 00:36:55.980326,0 days 00:00:43.333742,9.0,0.79,11.0,500.0,1000.0,300.0,0.95,COMPLETE
438,2411.8621694047774,2023-01-29 02:42:25.267492,2023-01-29 02:42:57.676241,0 days 00:00:32.408749,9.0,0.79,11.0,500.0,1000.0,325.0,0.95,COMPLETE
272,2411.8797097898155,2023-01-29 00:48:43.415959,2023-01-29 00:49:16.042863,0 days 00:00:32.626904,9.0,0.79,11.0,500.0,1000.0,300.0,0.95,COMPLETE
437,2411.9205237952365,2023-01-29 02:41:44.873305,2023-01-29 02:42:19.113177,0 days 00:00:34.239872,9.0,0.79,11.0,500.0,1000.0,300.0,0.95,COMPLETE
122,2411.9215261753984,2023-01-28 23:11:03.343376,2023-01-28 23:11:33.382288,0 days 00:00:30.038912,9.0,0.79,11.0,500.0,1000.0,300.0,0.95,COMPLETE
471,2412.031523263703,2023-01-29 03:05:47.982172,2023-01-29 03:06:22.951382,0 days 00:00:34.969210,9.0,0.79,11.0,500.0,1000.0,300.0,0.95,COMPLETE
312,2412.033873507919,2023-01-29 01:14:59.069913,2023-01-29 01:15:32.588823,0 days 00:00:33.518910,9.0,0.79,11.0,500.0,1000.0,375.0,0.95,COMPLETE
265,2412.03404449022,2023-01-29 00:44:00.234415,2023-01-29 00:44:33.456230,0 days 00:00:33.221815,9.0,0.79,11.0,500.0,1000.0,300.0,0.95,COMPLETE
406,2412.0347393285465,2023-01-29 02:18:38.341206,2023-01-29 02:19:28.140238,0 days 00:00:49.799032,9.0,0.79,11.0,500.0,1000.0,300.0,0.95,COMPLETE
231,2412.041611637121,2023-01-29 00:20:23.173885,2023-01-29 00:20:52.533024,0 days 00:00:29.359139,9.0,0.79,11.0,500.0,1000.0,300.0,0.95,COMPLETE
362,2412.043270269095,2023-01-29 01:48:00.947513,2023-01-29 01:48:33.684504,0 days 00:00:32.736991,9.0,0.79,11.0,500.0,1000.0,300.0,0.95,COMPLETE
154,2412.045733468148,2023-01-28 23:31:43.955026,2023-01-28 23:32:13.289447,0 days 00:00:29.334421,9.0,0.79,11.0,500.0,1000.0,300.0,0.95,COMPLETE
228,2412.0476693069077,2023-01-29 00:18:29.523276,2023-01-29 00:18:59.294466,0 days 00:00:29.771190,9.0,0.79,11.0,500.0,1000.0,300.0,0.95,COMPLETE
261,2412.050912741871,2023-01-29 00:41:03.361579,2023-01-29 00:41:44.443265,0 days 00:00:41.081686,9.0,0.79,11.0,500.0,1000.0,300.0,0.95,COMPLETE
330,2412.0839214978046,2023-01-29 01:27:21.856999,2023-01-29 01:27:55.232079,0 days 00:00:33.375080,9.0,0.79,11.0,500.0,1000.0,300.0,0.9,COMPLETE
203,2412.105912235088,2023-01-29 00:02:33.657252,2023-01-29 00:03:16.994691,0 days 00:00:43.337439,9.0,0.79,11.0,500.0,1000.0,375.0,0.95,COMPLETE
301,2412.1243212671475,2023-01-29 01:07:56.964347,2023-01-29 01:08:29.765477,0 days 00:00:32.801130,9.0,0.79,11.0,500.0,1000.0,300.0,0.95,COMPLETE
383,2412.212852503843,2023-01-29 02:01:40.046275,2023-01-29 02:02:23.200656,0 days 00:00:43.154381,9.0,0.79,11.0,500.0,1000.0,325.0,0.95,COMPLETE
496,2412.337233882497,2023-01-29 03:24:56.822744,2023-01-29 03:25:30.450640,0 days 00:00:33.627896,10.0,0.79,11.0,500.0,1000.0,300.0,0.95,COMPLETE
477,2412.4312107752244,2023-01-29 03:10:20.858937,2023-01-29 03:10:56.269993,0 days 00:00:35.411056,9.0,0.79,11.0,500.0,1000.0,300.0,0.95,COMPLETE
439,2412.4314295044624,2023-01-29 02:43:05.294089,2023-01-29 02:43:52.683837,0 days 00:00:47.389748,9.0,0.79,11.0,500.0,1000.0,300.0,0.95,COMPLETE
470,2412.4368921470173,2023-01-29 03:05:05.687421,2023-01-29 03:05:41.045087,0 days 00:00:35.357666,9.0,0.79,11.0,500.0,1000.0,300.0,0.95,COMPLETE
180,2412.461123113184,2023-01-28 23:47:46.092012,2023-01-28 23:48:23.104285,0 days 00:00:37.012273,9.0,0.79,11.0,500.0,1000.0,300.0,0.9,COMPLETE
24,2412.4648751812206,2023-01-28 22:08:08.027172,2023-01-28 22:08:38.352899,0 days 00:00:30.325727,8.0,0.81,11.0,500.0,1000.0,350.0,0.85,COMPLETE
170,2412.5338599834613,2023-01-28 23:41:14.069128,2023-01-28 23:41:42.801106,0 days 00:00:28.731978,9.0,0.79,11.0,500.0,1000.0,300.0,0.95,COMPLETE
37,2412.6620186429336,2023-01-28 22:15:54.023396,2023-01-28 22:16:24.091881,0 days 00:00:30.068485,8.0,0.79,11.0,500.0,1000.0,350.0,0.85,COMPLETE
119,2412.8026369335325,2023-01-28 23:08:56.400618,2023-01-28 23:09:36.834791,0 days 00:00:40.434173,9.0,0.79,11.0,500.0,1000.0,375.0,0.9,COMPLETE
246,2412.8636789982424,2023-01-29 00:30:19.131428,2023-01-29 00:30:51.807269,0 days 00:00:32.675841,9.0,0.79,11.0,500.0,1000.0,300.0,0.9,COMPLETE
21,2412.943657697921,2023-01-28 22:06:08.836997,2023-01-28 22:06:38.426199,0 days 00:00:29.589202,8.0,0.81,11.0,500.0,1000.0,325.0,0.85,COMPLETE
26,2413.119889897245,2023-01-28 22:09:29.274576,2023-01-28 22:10:16.675873,0 days 00:00:47.401297,8.0,0.81,11.0,500.0,1000.0,350.0,0.9,COMPLETE
22,2413.192052001336,2023-01-28 22:06:45.277570,2023-01-28 22:07:20.192499,0 days 00:00:34.914929,8.0,0.81,11.0,500.0,1000.0,325.0,0.85,COMPLETE
243,2413.3051190719207,2023-01-29 00:28:18.076868,2023-01-29 00:28:54.359700,0 days 00:00:36.282832,10.0,0.79,11.0,500.0,1000.0,300.0,0.95,COMPLETE
286,2413.3924874724553,2023-01-29 00:58:05.442099,2023-01-29 00:58:39.225874,0 days 00:00:33.783775,9.0,0.79,11.0,500.0,1000.0,300.0,0.9,COMPLETE
402,2413.4452973433636,2023-01-29 02:15:59.093444,2023-01-29 02:16:32.386912,0 days 00:00:33.293468,9.0,0.79,11.0,500.0,1000.0,300.0,0.9,COMPLETE
32,2413.5852463220044,2023-01-28 22:13:10.559796,2023-01-28 22:13:41.386467,0 days 00:00:30.826671,8.0,0.79,11.0,525.0,1000.0,325.0,0.95,COMPLETE
350,2413.8293190071463,2023-01-29 01:40:31.857321,2023-01-29 01:41:04.329127,0 days 00:00:32.471806,9.0,0.79,11.0,500.0,1000.0,300.0,0.85,COMPLETE
88,2413.951084254216,2023-01-28 22:48:48.033964,2023-01-28 22:49:17.484670,0 days 00:00:29.450706,9.0,0.79,11.0,525.0,1000.0,300.0,0.95,COMPLETE
34,2414.116490283425,2023-01-28 22:14:24.948627,2023-01-28 22:14:54.046905,0 days 00:00:29.098278,10.0,0.79,11.0,550.0,1000.0,325.0,0.95,COMPLETE
12,2414.1756792023875,2023-01-28 22:00:47.524511,2023-01-28 22:01:31.254092,0 days 00:00:43.729581,9.0,0.81,11.0,525.0,1000.0,325.0,0.9,COMPLETE
426,2414.193391817131,2023-01-29 02:34:07.319967,2023-01-29 02:34:42.030393,0 days 00:00:34.710426,9.0,0.79,11.0,500.0,1000.0,375.0,0.85,COMPLETE
245,2414.225392406378,2023-01-29 00:29:39.985441,2023-01-29 00:30:12.963613,0 days 00:00:32.978172,9.0,0.79,11.0,500.0,1000.0,300.0,0.85,COMPLETE
295,2414.4456458718437,2023-01-29 01:04:17.363158,2023-01-29 01:04:50.866589,0 days 00:00:33.503431,9.0,0.79,11.0,550.0,1000.0,300.0,0.95,COMPLETE
198,2414.485798898653,2023-01-28 23:59:16.735211,2023-01-28 23:59:45.220767,0 days 00:00:28.485556,9.0,0.79,11.0,550.0,1000.0,375.0,0.95,COMPLETE
33,2414.5812333174777,2023-01-28 22:13:47.865502,2023-01-28 22:14:18.179502,0 days 00:00:30.314000,8.0,0.81,11.0,525.0,1000.0,300.0,0.9,COMPLETE
90,2414.6592322575625,2023-01-28 22:50:09.958531,2023-01-28 22:50:39.223581,0 days 00:00:29.265050,9.0,0.79,11.0,550.0,1000.0,300.0,0.95,COMPLETE
410,2415.481723356653,2023-01-29 02:22:08.724353,2023-01-29 02:22:47.634038,0 days 00:00:38.909685,10.0,0.79,11.0,550.0,1000.0,350.0,0.95,COMPLETE
25,2415.879759333102,2023-01-28 22:08:45.359497,2023-01-28 22:09:23.368266,0 days 00:00:38.008769,9.0,0.79,11.0,525.0,1000.0,325.0,0.85,COMPLETE
11,2415.933618109709,2023-01-28 22:00:00.186628,2023-01-28 22:00:40.533417,0 days 00:00:40.346789,9.0,0.81,11.0,550.0,1000.0,350.0,0.9,COMPLETE
262,2415.988041839716,2023-01-29 00:41:50.647449,2023-01-29 00:42:22.851767,0 days 00:00:32.204318,9.0,0.79,11.0,575.0,1000.0,375.0,0.95,COMPLETE
23,2416.3028289741096,2023-01-28 22:07:26.797607,2023-01-28 22:08:01.526407,0 days 00:00:34.728800,8.0,0.81,11.0,525.0,1000.0,300.0,0.85,COMPLETE
39,2416.6127203858564,2023-01-28 22:16:58.717351,2023-01-28 22:17:37.586182,0 days 00:00:38.868831,8.0,0.81,11.0,525.0,1000.0,400.0,0.85,COMPLETE
319,2416.712052718264,2023-01-29 01:19:38.403957,2023-01-29 01:20:10.147078,0 days 00:00:31.743121,9.0,0.81,11.0,575.0,1000.0,375.0,0.95,COMPLETE
274,2416.7209814693533,2023-01-29 00:50:04.430088,2023-01-29 00:50:36.815479,0 days 00:00:32.385391,9.0,0.79,11.0,550.0,1000.0,300.0,0.95,COMPLETE
10,2416.7433754407857,2023-01-28 21:59:21.074112,2023-01-28 21:59:53.594804,0 days 00:00:32.520692,9.0,0.81,11.0,550.0,1000.0,350.0,0.9,COMPLETE
128,2416.9953513922965,2023-01-28 23:15:19.201278,2023-01-28 23:15:49.039642,0 days 00:00:29.838364,9.0,0.79,11.0,575.0,1000.0,300.0,0.95,COMPLETE
476,2417.066358955572,2023-01-29 03:09:34.360778,2023-01-29 03:10:14.202281,0 days 00:00:39.841503,9.0,0.79,11.0,575.0,1000.0,375.0,0.95,COMPLETE
386,2417.210833803692,2023-01-29 02:03:59.890878,2023-01-29 02:04:34.039402,0 days 00:00:34.148524,9.0,0.79,11.0,550.0,1000.0,375.0,0.95,COMPLETE
104,2417.3089655556755,2023-01-28 22:58:23.540308,2023-01-28 22:59:01.907306,0 days 00:00:38.366998,9.0,0.79,11.0,575.0,1000.0,300.0,0.95,COMPLETE
293,2417.451772431613,2023-01-29 01:02:47.796855,2023-01-29 01:03:22.882824,0 days 00:00:35.085969,9.0,0.79,11.0,600.0,1000.0,300.0,0.95,COMPLETE
408,2417.609631989334,2023-01-29 02:20:27.462794,2023-01-29 02:21:06.994095,0 days 00:00:39.531301,9.0,0.79,11.0,575.0,1000.0,300.0,0.95,COMPLETE
17,2417.6806423386006,2023-01-28 22:03:59.489656,2023-01-28 22:04:30.031039,0 days 00:00:30.541383,8.0,0.79,11.0,575.0,1000.0,325.0,0.9,COMPLETE
8,2417.712717434445,2023-01-28 21:58:27.600510,2023-01-28 21:58:53.738668,0 days 00:00:26.138158,10.0,0.81,10.0,500.0,1000.0,300.0,0.95,COMPLETE
405,2418.0898422668624,2023-01-29 02:17:59.140947,2023-01-29 02:18:31.560380,0 days 00:00:32.419433,9.0,0.79,10.0,500.0,1000.0,300.0,0.95,COMPLETE
195,2418.806475376293,2023-01-28 23:57:35.338460,2023-01-28 23:58:04.180229,0 days 00:00:28.841769,9.0,0.79,11.0,600.0,1000.0,350.0,0.95,COMPLETE
411,2418.849908112084,2023-01-29 02:22:53.788908,2023-01-29 02:23:26.404120,0 days 00:00:32.615212,9.0,0.79,11.0,600.0,1000.0,300.0,0.95,COMPLETE
355,2418.9673156317526,2023-01-29 01:43:42.193764,2023-01-29 01:44:11.608688,0 days 00:00:29.414924,9.0,0.79,10.0,500.0,1000.0,375.0,0.95,COMPLETE
229,2419.035454758588,2023-01-29 00:19:05.936483,2023-01-29 00:19:33.401920,0 days 00:00:27.465437,9.0,0.77,10.0,500.0,1000.0,300.0,0.95,COMPLETE
176,2419.3602410564927,2023-01-28 23:45:02.033272,2023-01-28 23:45:28.844114,0 days 00:00:26.810842,9.0,0.79,10.0,500.0,1000.0,300.0,0.95,COMPLETE
130,2419.3638816205053,2023-01-28 23:16:31.948441,2023-01-28 23:17:00.759729,0 days 00:00:28.811288,9.0,0.79,10.0,500.0,1000.0,300.0,0.95,COMPLETE
441,2419.4239391352457,2023-01-29 02:44:38.675633,2023-01-29 02:45:16.857786,0 days 00:00:38.182153,9.0,0.79,10.0,500.0,1000.0,375.0,0.95,COMPLETE
474,2419.9580311340064,2023-01-29 03:08:01.537554,2023-01-29 03:08:34.275688,0 days 00:00:32.738134,9.0,0.79,10.0,500.0,1000.0,300.0,0.95,COMPLETE
288,2420.306993133582,2023-01-29 00:59:23.025442,2023-01-29 00:59:54.060901,0 days 00:00:31.035459,9.0,0.79,10.0,500.0,1000.0,300.0,0.95,COMPLETE
14,2420.392580550857,2023-01-28 22:02:14.030307,2023-01-28 22:02:40.980622,0 days 00:00:26.950315,8.0,0.81,10.0,500.0,1000.0,325.0,0.85,COMPLETE
329,2420.7357484526083,2023-01-29 01:26:33.372337,2023-01-29 01:27:13.129639,0 days 00:00:39.757302,9.0,0.79,10.0,500.0,1000.0,375.0,0.95,COMPLETE
58,2421.570702929973,2023-01-28 22:29:23.232387,2023-01-28 22:30:05.675028,0 days 00:00:42.442641,9.0,0.79,10.0,500.0,1000.0,300.0,0.95,COMPLETE
18,2421.7784578969004,2023-01-28 22:04:36.154578,2023-01-28 22:05:03.257246,0 days 00:00:27.102668,9.0,0.81,10.0,500.0,1000.0,375.0,0.85,COMPLETE
16,2421.800171781413,2023-01-28 22:03:24.237923,2023-01-28 22:03:51.141592,0 days 00:00:26.903669,8.0,0.81,10.0,525.0,1000.0,400.0,0.85,COMPLETE
344,2423.652101993073,2023-01-29 01:36:48.805866,2023-01-29 01:37:14.157078,0 days 00:00:25.351212,9.0,0.79,11.0,500.0,750.0,375.0,0.95,COMPLETE
19,2423.805617822969,2023-01-28 22:05:09.953687,2023-01-28 22:05:33.185921,0 days 00:00:23.232234,8.0,0.81,11.0,525.0,750.0,325.0,0.95,COMPLETE
257,2423.9018456104604,2023-01-29 00:38:35.210413,2023-01-29 00:39:00.739972,0 days 00:00:25.529559,9.0,0.79,11.0,500.0,750.0,300.0,0.95,COMPLETE
196,2424.3109152425322,2023-01-28 23:58:10.775131,2023-01-28 23:58:33.579869,0 days 00:00:22.804738,9.0,0.79,11.0,500.0,750.0,300.0,0.95,COMPLETE
138,2424.391145240556,2023-01-28 23:21:58.614313,2023-01-28 23:22:21.934831,0 days 00:00:23.320518,9.0,0.79,11.0,500.0,750.0,300.0,0.95,COMPLETE
451,2424.913075499847,2023-01-29 02:51:24.045102,2023-01-29 02:51:50.406708,0 days 00:00:26.361606,9.0,0.79,11.0,500.0,750.0,350.0,0.95,COMPLETE
59,2425.0698755176963,2023-01-28 22:30:12.479787,2023-01-28 22:30:39.856707,0 days 00:00:27.376920,9.0,0.79,11.0,500.0,750.0,300.0,0.95,COMPLETE
300,2425.457991105469,2023-01-29 01:07:24.443719,2023-01-29 01:07:50.719099,0 days 00:00:26.275380,9.0,0.79,11.0,500.0,750.0,300.0,0.95,COMPLETE
35,2425.5090584207724,2023-01-28 22:15:00.197459,2023-01-28 22:15:26.068634,0 days 00:00:25.871175,9.0,0.77,11.0,500.0,750.0,350.0,0.9,COMPLETE
421,2427.6181740508496,2023-01-29 02:30:34.094546,2023-01-29 02:31:01.050292,0 days 00:00:26.955746,9.0,0.79,11.0,500.0,750.0,300.0,0.95,COMPLETE
381,2427.8314460246042,2023-01-29 02:00:05.252723,2023-01-29 02:00:35.755493,0 days 00:00:30.502770,9.0,0.79,11.0,500.0,750.0,300.0,0.9,COMPLETE
40,2428.632844488267,2023-01-28 22:17:44.300377,2023-01-28 22:18:12.139131,0 days 00:00:27.838754,10.0,0.79,10.0,550.0,1000.0,375.0,0.9,COMPLETE
239,2431.70022289426,2023-01-29 00:25:47.031476,2023-01-29 00:26:15.223215,0 days 00:00:28.191739,9.0,0.79,9.0,500.0,1000.0,300.0,0.95,COMPLETE
299,2431.718924211883,2023-01-29 01:06:50.236129,2023-01-29 01:07:19.745844,0 days 00:00:29.509715,9.0,0.79,9.0,500.0,1000.0,300.0,0.95,COMPLETE
360,2431.7478040632395,2023-01-29 01:46:49.523441,2023-01-29 01:47:17.588258,0 days 00:00:28.064817,9.0,0.79,9.0,500.0,1000.0,375.0,0.95,COMPLETE
491,2431.941191021705,2023-01-29 03:21:06.817883,2023-01-29 03:21:36.984174,0 days 00:00:30.166291,9.0,0.79,11.0,500.0,750.0,300.0,0.85,COMPLETE
497,2432.677954594548,2023-01-29 03:25:37.219120,2023-01-29 03:26:06.632463,0 days 00:00:29.413343,9.0,0.79,9.0,500.0,1000.0,350.0,0.95,COMPLETE
412,2432.8317901749992,2023-01-29 02:23:31.111945,2023-01-29 02:24:20.150154,0 days 00:00:49.038209,9.0,0.79,9.0,500.0,1000.0,300.0,0.95,COMPLETE
136,2432.9050064150933,2023-01-28 23:20:35.502939,2023-01-28 23:21:07.207155,0 days 00:00:31.704216,9.0,0.79,9.0,500.0,1000.0,300.0,0.95,COMPLETE
20,2435.7874548401746,2023-01-28 22:05:39.571350,2023-01-28 22:06:02.011912,0 days 00:00:22.440562,8.0,0.79,10.0,500.0,750.0,350.0,0.9,COMPLETE
6,2436.145110216033,2023-01-28 21:57:27.632651,2023-01-28 21:57:51.841184,0 days 00:00:24.208533,8.0,0.77,10.0,525.0,750.0,300.0,0.95,COMPLETE
80,2440.5934505751775,2023-01-28 22:43:45.513140,2023-01-28 22:44:10.087177,0 days 00:00:24.574037,9.0,0.77,10.0,525.0,750.0,300.0,0.9,COMPLETE
70,2441.072417451712,2023-01-28 22:37:10.434839,2023-01-28 22:37:44.551994,0 days 00:00:34.117155,10.0,0.79,9.0,600.0,1000.0,300.0,0.95,COMPLETE
38,2442.059401309386,2023-01-28 22:16:30.487715,2023-01-28 22:16:52.617719,0 days 00:00:22.130004,9.0,0.77,10.0,575.0,750.0,325.0,0.95,COMPLETE
379,2446.462039809756,2023-01-29 01:59:01.301297,2023-01-29 01:59:20.701639,0 days 00:00:19.400342,9.0,0.79,11.0,500.0,500.0,300.0,0.95,COMPLETE
140,2446.8585574719996,2023-01-28 23:23:06.217479,2023-01-28 23:23:23.240376,0 days 00:00:17.022897,9.0,0.79,11.0,500.0,500.0,300.0,0.95,COMPLETE
27,2446.9294859823094,2023-01-28 22:10:23.074172,2023-01-28 22:10:44.425927,0 days 00:00:21.351755,8.0,0.81,10.0,575.0,750.0,300.0,0.85,COMPLETE
242,2447.3228631949523,2023-01-29 00:27:41.609722,2023-01-29 00:28:11.964801,0 days 00:00:30.355079,9.0,0.79,11.0,500.0,500.0,300.0,0.95,COMPLETE
488,2447.3333461001785,2023-01-29 03:19:01.545366,2023-01-29 03:19:20.010094,0 days 00:00:18.464728,9.0,0.79,11.0,500.0,500.0,300.0,0.95,COMPLETE
428,2447.863629162013,2023-01-29 02:35:38.939570,2023-01-29 02:36:14.169833,0 days 00:00:35.230263,9.0,0.79,11.0,500.0,500.0,350.0,0.95,COMPLETE
46,2448.2112054332156,2023-01-28 22:21:45.154327,2023-01-28 22:22:03.449485,0 days 00:00:18.295158,9.0,0.77,11.0,500.0,500.0,300.0,0.95,COMPLETE
94,2448.3049751075337,2023-01-28 22:52:34.153989,2023-01-28 22:52:51.973018,0 days 00:00:17.819029,9.0,0.79,11.0,500.0,500.0,300.0,0.95,COMPLETE
2,2451.126719259801,2023-01-28 21:55:27.032195,2023-01-28 21:55:46.757799,0 days 00:00:19.725604,8.0,0.79,9.0,525.0,750.0,300.0,0.95,COMPLETE
7,2452.21801734095,2023-01-28 21:57:58.371323,2023-01-28 21:58:18.894778,0 days 00:00:20.523455,8.0,0.77,10.0,600.0,750.0,375.0,0.85,COMPLETE
3,2453.075087671981,2023-01-28 21:55:53.358571,2023-01-28 21:56:18.835174,0 days 00:00:25.476603,8.0,0.77,9.0,550.0,750.0,375.0,0.9,COMPLETE
29,2457.467633462101,2023-01-28 22:11:34.999183,2023-01-28 22:11:54.849032,0 days 00:00:19.849849,10.0,0.79,9.0,550.0,750.0,400.0,0.95,COMPLETE
306,2459.439451019369,2023-01-29 01:11:19.820622,2023-01-29 01:11:38.666282,0 days 00:00:18.845660,9.0,0.79,11.0,500.0,500.0,300.0,0.85,COMPLETE
9,2459.5258673976514,2023-01-28 21:58:59.766996,2023-01-28 21:59:14.976337,0 days 00:00:15.209341,10.0,0.79,11.0,600.0,500.0,400.0,0.95,COMPLETE
4,2460.653043781108,2023-01-28 21:56:25.629479,2023-01-28 21:56:58.181034,0 days 00:00:32.551555,10.0,0.77,11.0,600.0,500.0,375.0,0.95,COMPLETE
0,2464.1744605268327,2023-01-28 21:54:07.847899,2023-01-28 21:54:32.266689,0 days 00:00:24.418790,9.0,0.79,9.0,600.0,750.0,400.0,0.9,COMPLETE
5,2470.845717428723,2023-01-28 21:57:05.083919,2023-01-28 21:57:20.879233,0 days 00:00:15.795314,9.0,0.79,11.0,600.0,500.0,350.0,0.85,COMPLETE
36,2476.948539670411,2023-01-28 22:15:32.718364,2023-01-28 22:15:47.755917,0 days 00:00:15.037553,8.0,0.81,9.0,525.0,500.0,300.0,0.95,COMPLETE
499,,2023-01-29 03:26:54.072107,,,,,,,,,,RUNNING
