feature_names,feature_importance
mileage,14.802990653664692
horsepower,13.135681110874883
back_legroom,6.722113946159923
wheel_system_display,6.536959943419415
width,6.2845174503705135
horsepower_rpm,5.969366445673354
front_legroom,5.595910806294343
height,4.982044203379741
year,3.410133846251011
body_type,3.1472928978291255
wheelbase,2.876090936968108
State,2.710825934987016
savings_amount,2.6732329151269303
engine_displacement,2.463010028520541
length,2.2566702296006405
highway_fuel_economy,2.2357889834148783
fuel_tank_volume,2.1353731633299944
daysonmarket,2.0695362259497383
maximum_seating,1.651029230808535
torque,1.5404205277623995
torque_rpm,1.4288452706909904
listing_color,1.3587603536351012
city_fuel_economy,1.30250847209202
is_new,1.163527477835542
listed_date_yearMonth,0.8896879848399353
transmission,0.34657130878756215
fuel_type,0.31110965173306593
