feature_names,feature_importance
horsepower,12.037279389293975
year,11.474293901333132
mileage,9.62056084687025
wheel_system_display,6.761235318481863
back_legroom,6.658027714559752
horsepower_rpm,6.24946310696189
front_legroom,5.763662981075878
width,5.662318824766615
height,4.8592413441041895
wheelbase,3.815278680820483
State,2.588519552036616
body_type,2.5676493002461265
highway_fuel_economy,2.436184461717766
engine_displacement,2.2204104275331407
savings_amount,2.050527461873056
daysonmarket,2.0178293261764124
length,1.9723620459329936
maximum_seating,1.9159503665107178
fuel_tank_volume,1.6670359990896897
torque,1.460135243523554
torque_rpm,1.3525103616213807
city_fuel_economy,1.307129864152151
listing_color,1.2899528576037291
is_new,0.8323598714565031
listed_date_yearMonth,0.8266163095618092
fuel_type,0.32746653231669604
transmission,0.26599791037963266
