feature_names,feature_importance
horsepower,13.847154988169146
mileage,13.383379340402202
wheel_system_display,7.016299858428989
back_legroom,6.505716605915465
horsepower_rpm,6.406070822770612
width,6.218086921463774
height,6.0613194203542635
front_legroom,5.805719515883653
year,3.6712779961600246
engine_displacement,3.2041548389224523
wheelbase,3.0275465963380404
body_type,2.912312027417012
State,2.3842726392367903
highway_fuel_economy,2.24017659337809
length,2.232710576131188
is_new,2.059321857482144
savings_amount,2.025516097182253
maximum_seating,1.9206691131206899
daysonmarket,1.7650838569358234
fuel_tank_volume,1.2683938392589704
torque,1.25756267239605
city_fuel_economy,1.17434635832585
torque_rpm,1.1482590651772937
listing_color,1.0826507661499627
listed_date_yearMonth,0.755987704467856
fuel_type,0.37061746458298434
transmission,0.2553924639484539
