feature_names,feature_importance
horsepower,13.612800261709864
year,9.939489290196702
mileage,8.492097860911946
wheel_system_display,6.796480357879571
back_legroom,6.708887296768158
horsepower_rpm,6.587111213549621
width,6.298889495360911
front_legroom,5.714237880663926
height,4.61104030128411
body_type,3.219487302070182
engine_displacement,2.7303306826623173
wheelbase,2.5692166836806956
State,2.4900763649480178
maximum_seating,2.1268786774876087
savings_amount,2.1201761321999903
length,2.0715016792632985
daysonmarket,1.8864296493820536
highway_fuel_economy,1.851540527541563
fuel_tank_volume,1.8447781222386093
city_fuel_economy,1.7614446057746167
is_new,1.447530418528484
torque,1.3629175026165885
torque_rpm,1.2481873079236838
listing_color,1.1449881838656317
listed_date_yearMonth,0.7107971829033319
fuel_type,0.35074731029274475
transmission,0.30193770829574784
