colsample_bylevel,colsample_bytree,gamma,learning_rate,max_depth,min_child_weight,n_estimators,reg_alpha,reg_lambda,subsample,loss,iteration
0.3979557777037207,0.5286812842781765,3.1703021199177273,0.06080843965900838,12,0,499,16,1.0151691499625595,0.7058510679574918,2363.8702192619503,70
0.4504860665799003,0.5116473812055315,3.822530677220357,0.0735806665131551,12,3,485,12,1.8411377063143282,0.6948548600791508,2368.012443450202,259
0.4886078291310758,0.5202770932996801,4.208388583796097,0.053322083092671016,12,3,485,12,2.461739271996647,0.6963530081953382,2368.506505030476,265
0.4549658763257606,0.5000409912459745,5.858707042774126,0.08208673352757398,12,0,483,12,2.7500523013977896,0.7125478909983778,2370.849572393009,299
0.499941120604965,0.5375328833037334,4.1602882086720845,0.04241638564492682,12,3,485,12,2.2476233950531035,0.7498498274134529,2372.395572707005,277
0.4868635858822151,0.5348164893761784,4.193169680120932,0.05075877425623015,12,3,485,12,2.3669946747882866,0.6580544125359548,2372.573722764754,270
0.36825722695698887,0.5735037936360755,3.927386691969982,0.08769286539243663,12,1,427,28,1.3704214556719485,0.7066939934833443,2373.913447303174,188
0.45935583599609286,0.5818299926894013,5.437884675207907,0.0512655916222924,12,3,457,19,2.324451044844392,0.6410335749997939,2376.1692831200708,284
0.45316161190999094,0.5004751045173321,4.378426387865358,0.045865761131262416,12,3,485,12,1.9351860803014875,0.69324598257712,2376.915074381904,264
0.46310201948293733,0.5240640036110639,5.008573732058116,0.046074698798756884,12,3,460,12,2.574889328873606,0.7210333271971445,2376.934129384049,267
0.4500190711471307,0.5004378765440596,4.310683843137114,0.07984327932923882,12,3,382,12,1.915244285056997,0.6943974114870513,2377.741458969748,263
0.4492616146416033,0.5068157259530528,3.9598259828138493,0.06472788958089978,12,3,388,12,1.6996659030268622,0.6700511978878689,2378.2090918830604,258
0.4419825775986705,0.6311787812899412,4.507970167243647,0.05853911752450135,12,3,396,23,2.256991064434553,0.6576344188064325,2379.1730824002298,294
0.2839058266090026,0.5858952289505598,3.8778347686922414,0.09637086119191758,12,1,450,28,1.6489655918751316,0.7334297568469883,2379.9051429772007,193
0.36358380436927273,0.892361685617538,1.0983049281633326,0.0635710534665557,12,2,331,9,0.7467507846702368,0.5803353536694437,2380.1627284519877,151
0.45531683554301816,0.5167721110634361,3.502657043177421,0.06406593081259192,12,3,348,3,1.6614247589800024,0.6684284762918987,2381.0556383280173,218
0.3069221989670795,0.6482256439190449,1.1822429954361984,0.04120089930043544,12,1,458,5,0.3757769749878438,0.5344640283685909,2381.2286290742386,79
0.37104932645923117,0.970143899130162,1.020665358467588,0.06506106145370127,12,2,324,11,0.8886020604223336,0.5700917869798394,2381.719382328779,150
0.4215078352684821,0.8743649292281457,0.6961772267735821,0.07221919463390614,12,2,465,11,0.5847240007145884,0.593206984854614,2381.727682601076,138
0.3322189188355606,0.9594423309336766,0.9835681263588327,0.04073408101543298,12,3,374,5,0.8008257297981529,0.6143224189697484,2381.9874684804067,173
0.22290007014131075,0.7904191763759021,5.930258365874833,0.05776762140843939,12,9,461,2,0.8070296961958883,0.7015325099833883,2382.138284869493,241
0.3772724907530218,0.9384443915292474,0.8387414125111139,0.02820114105839098,12,2,484,11,0.8516013826876283,0.5655665813044675,2382.6355831089822,143
0.3146128836194891,0.5529890499928264,3.2703479618910767,0.07189967402746648,12,1,450,6,1.7614998088341924,0.5909421355619716,2382.869807971461,229
0.4242893221409251,0.5967516564044063,6.096694965031082,0.09260432889091173,12,5,355,14,1.511335294269736,0.6533523353841811,2382.98334578338,219
0.39604319892925793,0.8980296314119234,1.3884844974373687,0.06801300162795286,12,4,394,28,0.7635197797690778,0.5813464406203553,2383.0240752134687,155
0.46304867175393394,0.9253799690393714,1.8849872801424739,0.04816730434686711,12,2,395,16,1.2042951121266592,0.52167359096969,2383.220669300202,142
0.34632881173240243,0.5758738436466352,4.142165912980969,0.07692644683140475,11,1,499,9,2.6319855580632705,0.6573518477805387,2383.2652989720186,221
0.2632688766831719,0.784656069539117,5.368413328445131,0.08642746004811497,12,1,419,17,0.19305446586744002,0.7188040866048027,2383.592411746477,109
0.492581423088128,0.5090034678081266,3.2203758861310194,0.0972834972534785,12,3,388,16,2.0037129209760716,0.6728954092954468,2383.6248865592147,262
0.23818426974045553,0.957900773923349,8.756810323066198,0.086125927213435,12,4,458,28,0.43952928322160045,0.7121111044465266,2384.310100080856,114
0.4747937016660432,0.5827255624779649,2.249022165124816,0.07894210644843916,12,2,324,24,1.0160965136474296,0.6053925337798968,2385.552162480912,163
0.49944921719195856,0.5406481918846643,4.533411847923771,0.10869713462408645,12,3,391,12,1.8637278763380865,0.7009248539717269,2386.359172369143,261
0.3200300109383058,0.5421678264820856,4.934348345010438,0.09207388028247071,12,0,393,14,0.9413389324696557,0.6195456160928217,2386.92765709824,252
0.3945246704837129,0.6332633679984371,2.2606489913995453,0.042161790923214024,12,1,345,5,0.8681347879944579,0.614065437066359,2387.6283568947542,77
0.3813096589514384,0.6149574628511996,1.4676157559581129,0.056387198058430496,12,5,325,3,1.2985408050633622,0.7029723683559624,2387.9025758577927,29
0.37668925013284404,0.9367375814543266,0.7896332317777053,0.028028762984181242,12,2,425,11,0.6564511626336508,0.5613209890952803,2388.319340647427,146
0.3926420169839765,0.5624638513720266,1.7579211081788524,0.028948945165641442,12,0,499,16,0.9814519068662728,0.6261801616079312,2388.416427053577,72
0.3803833217865252,0.5920559824897144,3.092983601152305,0.08361423759412853,11,1,476,20,0.2930516847763288,0.5693627379435134,2389.334009715951,86
0.2798989352472898,0.8183512004150014,1.6503133015504994,0.10040216894108459,12,2,260,13,0.915846420587553,0.6736875451704549,2389.620559982126,171
0.38369326105568263,0.9680321549081299,3.1768874005743584,0.03731353313591726,12,3,447,19,0.7309847258797165,0.42078348512698965,2391.069662270906,161
0.3986953066043118,0.525204929157379,1.792039511036736,0.10721732588705805,12,0,226,16,1.3787614896626672,0.7489758371011928,2391.094212826213,69
0.34923460477011903,0.5708711089026901,2.7031340829691097,0.04663760111286801,12,3,401,10,0.24209483709161217,0.4765793182482209,2391.205962580085,101
0.36409620153764827,0.9722054611325629,0.9898324283082862,0.042746718972445655,12,2,406,9,1.0837316581518803,0.4404169887588564,2391.592508003848,154
0.25212895799570134,0.6238019379873201,4.411103233380278,0.07643695417965415,12,3,442,14,1.4776410929168422,0.5745615391853782,2391.9377728535974,135
0.13805071786780257,0.7765823529096644,6.669860416653108,0.07512607022758137,12,1,375,17,0.011503728159588666,0.7246288630906866,2392.59125666198,112
0.49973285651411004,0.9116249282964977,1.203003664685348,0.05430218833411554,12,2,238,11,0.8347216847382098,0.6032162818032601,2392.6821424937307,148
0.3384918583199658,0.5436905754515242,5.325350041235905,0.11686824994011911,12,3,432,4,1.5262158307140186,0.698588281762413,2393.068479175643,205
0.48651112896606336,0.8831916467891665,0.5493965832025487,0.05270153944632103,11,4,428,4,1.0807842451523715,0.5058423341476209,2394.706270717335,166
0.24626059086590127,0.8498392937161052,2.307848545174806,0.06481394396245246,12,1,354,19,0.8610591290236977,0.46269010533398525,2395.1288154194604,88
0.3420050135147753,0.6603519176747865,3.8422998801361166,0.03024642124299449,12,4,366,16,0.12915975831945337,0.6509576547735452,2396.043126947555,74
0.47340274293687074,0.5068689191757614,0.9002705092727153,0.12433163577446213,10,0,384,27,1.6685126607207768,0.7293624754885217,2396.187611988194,22
0.21107797967524977,0.5554927587796178,5.103803813737093,0.11637461849497457,12,1,427,28,1.930052400106793,0.7286585543867677,2396.81918656611,194
0.45860931692707174,0.5030369785935727,0.6329930509215314,0.12201648474364302,12,0,198,27,1.6417624567089733,0.7453872592441682,2397.4800091283496,23
0.35464317282874125,0.692338689677634,6.597238991800759,0.05074803080113337,12,3,305,9,2.5309827343460256,0.7293205574458966,2397.812264399106,230
0.3599391980458746,0.9924672384923385,0.3447518941372095,0.0899314203202948,12,2,324,7,1.2445586057281348,0.5508334707620615,2397.862301493614,165
0.42589139025928135,0.6223249450835414,2.942510076040698,0.06406155231795307,12,9,288,18,1.5082690653581474,0.6825342769426179,2399.145396574927,33
0.37955679822295607,0.6847369222197714,2.119583330212644,0.06762633118515082,12,6,436,9,2.053254808568205,0.44257611259982027,2400.069712093621,182
0.4019651959449728,0.5007239779566909,4.31347106802092,0.09856546620707071,11,4,334,0,1.6091657411729114,0.6210962883815013,2401.2593089874795,210
0.3417098384192139,0.9446268186559814,0.7860280607664891,0.0577965130657873,12,2,283,27,0.5106353327693354,0.42568091295309873,2401.9252991722465,183
0.45398358544260486,0.5011024842976441,0.004836086659317562,0.12264809039415177,12,0,351,27,1.2790107859229476,0.662329960204579,2402.299728078813,66
0.3295024390464026,0.6345080833754787,3.640064875273564,0.12205762251444797,12,0,496,28,1.9934854902683874,0.6788069763676259,2404.422970773321,200
0.37202481734739884,0.6247095960791681,5.567460087834718,0.07765540189715038,12,8,277,7,1.2387811879307176,0.5628841972816682,2405.0694197752177,95
0.3113277925970352,0.5635919490908357,5.4730274855118015,0.11638385232026557,12,9,332,28,0.8385922363949443,0.6553705761015315,2405.2487296025274,256
0.4989841567470711,0.5568021905321255,4.823875131087752,0.026856662371479073,12,3,485,12,2.8755766970616774,0.712200455024377,2406.4674903301798,268
0.4220332505310699,0.8932805533076269,2.2537293109233207,0.0929448923013893,12,4,216,2,1.5061297427495282,0.5106168123762436,2406.7076344488223,177
0.3083257729164746,0.7371080616318096,1.1386086393008497,0.04404811496684907,12,1,255,5,0.31235142077209,0.5161326241484023,2408.141482436318,80
0.3484576748953423,0.7001613637725432,2.9266437644331096,0.08587621600221527,12,2,172,15,1.1979718486327595,0.6656023110235915,2408.251390108763,251
0.23482477101600918,0.7092896008204542,3.811976200471597,0.11525216009802935,10,8,479,0,1.265068367606535,0.6857666876136342,2408.285437137868,129
0.33485911438762933,0.9178315577247937,2.544015122545514,0.07767295175457453,12,8,261,12,1.446960154537336,0.5182055887346894,2410.3905601872675,156
0.25878325594506574,0.5812444536858673,3.275725989714422,0.1395521454644846,12,1,253,28,1.8360128913586982,0.6981324375518271,2412.33402085874,196
0.45937323192952373,0.6245533170139521,0.6783314881859135,0.13502837532668593,12,0,202,25,1.728517849936695,0.6161886027252165,2413.0825060834263,27
0.31747051111612345,0.6853427438313522,0.0005494567740613743,0.06350314475353144,12,0,205,14,2.1018643338640977,0.727738993154964,2413.107020271139,10
0.3436159919147829,0.983598852245306,1.7331612068374356,0.09669311144545495,12,0,250,9,1.6854323753105835,0.4802034730353467,2413.7988006953487,153
0.4133554393518004,0.6311922697699386,2.174370408491207,0.0519278089974313,11,1,295,5,0.871408312866689,0.5998761926305245,2413.829920664076,78
0.41786381750643564,0.6015620126732975,5.263123089673246,0.1289654467939243,12,0,392,25,1.1240867378796073,0.6394030936150072,2414.046324826163,245
0.47101062517956455,0.5878502997999103,3.622357278551623,0.14241144622613652,9,5,477,8,1.0797217808004993,0.7111181149861735,2414.08204377974,231
0.19288392266687104,0.5513206150091249,4.02236456804093,0.08086072183646037,12,0,326,29,1.8873144437733198,0.6396495090308819,2416.391008932186,207
0.29244982902112227,0.9808678523795079,2.8806917716698837,0.11290221523246277,10,0,361,0,1.8144335739778368,0.5853343257967828,2416.4655664498587,169
0.41119688551254124,0.5158084656238978,0.5214827617802378,0.15881337433326692,12,0,339,27,1.641630472552147,0.7356032172627046,2416.6682182934373,68
0.37314627462159333,0.5657138631685044,6.357519162245411,0.12376840066246185,12,7,154,2,1.45907946826045,0.7485082188583128,2416.833128937668,213
0.18191476834077228,0.8866948728475446,2.0680850988790853,0.11022805279760767,11,1,215,9,0.4829954602822557,0.6277899732202741,2416.9387538325136,40
0.38616200369185727,0.9049528099417056,2.107047065060598,0.03403057346467944,12,2,276,21,0.9661607030132299,0.5287449828017822,2417.071116846814,149
0.278314590060417,0.6823577404812726,6.909806431966781,0.03528468408496693,12,8,410,15,1.4054169694972556,0.6052711392248278,2417.4197837579604,223
0.10892980847627082,0.6613099265367574,5.845434745562593,0.11071546354694599,12,1,347,26,1.3847374402984578,0.7262592779169891,2417.424827135724,211
0.36096380417265994,0.5222262613519508,5.704865299763826,0.14484576753634884,12,7,346,8,1.4508092723144272,0.6571978869500518,2417.69647920908,202
0.22524200301162195,0.8125626884891299,5.866801233827774,0.10664118950723127,9,1,449,16,1.1801692368405552,0.6688924134269351,2419.360827901298,124
0.38168661211449206,0.5326704424413482,3.1093889034907685,0.0804557927211163,11,3,292,13,2.761921220715079,0.6114079009970111,2419.375903204816,243
0.35660218993362547,0.9980556693960069,1.1052647153227957,0.06310082090586408,12,2,163,9,1.5832584375691092,0.6177633087133667,2419.514031431724,152
0.287495525706832,0.7938347931131157,4.05199357622614,0.09083831776324532,12,9,364,17,0.5300826552524565,0.4006741664728125,2420.619097935218,122
0.4269956677714286,0.5840114168269067,0.6991299847207406,0.14308311267945473,12,0,352,27,1.1321691229865019,0.6843549293146933,2420.9793185227163,67
0.23282407433887806,0.5111796734958535,4.528202345213635,0.15131357387870029,12,1,474,28,1.6330368447815713,0.7145192488264926,2421.6877608502373,198
0.443875301790553,0.5067782700293924,5.167900747900562,0.16316884885771887,12,1,378,7,2.22775255681647,0.7070900321252132,2421.8968376628955,208
0.3231311428167558,0.7007941941127509,0.9745854111376252,0.10574988256377976,9,5,397,5,0.04269810892227621,0.5981132198102596,2428.771986199177,186
0.3056751863940448,0.7995879212989306,0.2716317243849765,0.09129904506419974,12,0,120,14,1.569295751353988,0.7319558381756428,2428.810738546067,62
0.42982498157564647,0.6437379931724359,1.9212077694191327,0.1358171929361089,12,8,487,29,0.4885166440722035,0.6510111025741564,2430.0954647386334,167
0.4776075612941799,0.9849888139282416,5.80197592303677,0.17878053824429274,9,0,362,23,1.190942329015042,0.7468678711013875,2430.304722073799,56
0.4750898026365253,0.5921395375456291,3.039755340741413,0.04163513775569305,10,3,455,24,2.5304151487073963,0.7135740091495579,2430.41757412459,286
0.2870711921808789,0.5172190981781132,4.588731685776157,0.04071299178400918,12,4,318,24,1.4945133630262912,0.7413539360838709,2430.746387918188,234
0.33821806590591175,0.522312249791046,1.9931919340741397,0.15736494629559222,11,1,234,27,1.2936386639034465,0.6473409243293676,2430.762417752083,255
0.3052533937916138,0.8630067611520074,4.398389457249701,0.08980134195941257,11,0,151,19,0.9294994519560418,0.6498793482819003,2430.87512760085,232
0.32277777984330513,0.7983901141611234,1.7123454570342196,0.159937652516864,10,3,310,29,0.24637138266187053,0.6102131122190253,2432.1929042019533,48
0.3915617600247807,0.6729754545060377,4.952364701141072,0.04540977060669617,12,1,195,25,2.014309731728484,0.7339313995776268,2434.210342820111,216
0.452373024750075,0.9900542112592097,1.2924192296584063,0.11974633260292047,10,2,465,11,0.5725887971333736,0.4704973214624741,2434.9550049646487,139
0.4342368512703487,0.5644739686671914,3.4455426171332535,0.19267705586709444,10,1,189,19,1.6783916052922914,0.7379767386257171,2435.2475166393274,203
0.2811886919306701,0.6194480705379153,3.8535905778708366,0.17256364210774,9,1,360,28,2.3070750984887383,0.6741136014605277,2438.3402590350674,197
0.21503501231739863,0.6426774809679626,2.1033058275665386,0.08299299573437963,10,8,325,27,0.006388666436443202,0.7217694917772632,2438.979134483102,54
0.491613017723878,0.6354689638680852,0.46421728671016704,0.13866546473576108,11,7,127,14,0.4886215738516406,0.6060846020849788,2439.3436950070663,104
0.18333051576194126,0.7470553872925763,1.5488968018040976,0.11259234419369513,12,4,229,0,0.4805030160888448,0.4378374470501678,2439.665073522373,93
0.12160348956345089,0.885375694757653,3.1058070752380544,0.1545730097710166,10,8,350,7,2.649945832142586,0.6686941777766421,2440.880932930389,3
0.4690170292861092,0.7164140047917213,0.8131901485678019,0.12997964331680892,8,6,421,15,0.9231418400165453,0.691642635376164,2440.882515225428,61
0.44251215533617305,0.6505712688340841,5.732664530914178,0.19169125944890686,10,9,377,20,1.8886205134077299,0.671358785190144,2441.5445802157456,43
0.4015120400335026,0.8773067765386087,6.419041317267788,0.13738771083317664,9,7,223,3,0.6860715605304045,0.7203396271149449,2442.136510153614,253
0.39669601317199027,0.5637729278202166,2.5629572311596163,0.15365550479315498,12,6,468,16,1.9517984137830513,0.6138664919844359,2442.2847549975318,227
0.3354507865601208,0.5194656441526492,2.536407427393196,0.11537204542294474,11,4,194,25,1.419043657781949,0.5731955281291934,2443.118055054393,57
0.4067062705425096,0.743414909469285,2.3572933032161494,0.014662126359762898,12,0,404,4,0.7496081255172435,0.6643623543805939,2443.517792983296,236
0.46056457083702484,0.5525186791591605,8.5261271891399,0.02224508206769643,12,2,445,16,1.0230695487713208,0.356250640726679,2444.1766481119225,246
0.4089207003699127,0.7450444738675885,2.640881349522863,0.022890196774775252,12,2,331,15,0.8610795054761585,0.4067584610464348,2444.221103492197,179
0.4048811346831642,0.8538223674451229,0.16280605379718793,0.1466327582330887,11,2,368,1,1.3352033806022663,0.5466220807105543,2445.5246893823364,145
0.4677186593795383,0.5377326087687405,3.9062161645014166,0.08621507690695346,12,1,105,20,1.3779185220541312,0.7055876484107028,2446.848633803168,189
0.48074928911763354,0.5288732954486801,3.7194378066698834,0.01752267810191284,12,3,486,6,2.4611302587223727,0.6810640550052448,2447.258735091736,266
0.4858021708595723,0.6045911264608121,4.253933867323785,0.23189644441490348,12,3,168,8,2.3648813168314313,0.6847173992065017,2447.957206939476,285
0.2991756337590238,0.6408701413989645,2.7174794956265838,0.21819472899360842,9,0,311,18,1.2636441774888854,0.6827712867377363,2448.577078039076,220
0.26543831822145136,0.5008535350888452,2.9493629186619996,0.15120763882099802,10,8,489,21,2.2340466993291805,0.4811514787589422,2449.059521851127,38
0.25598770575078506,0.6275527284024788,5.093115236653578,0.09993579535628044,12,1,241,20,1.7027085996083067,0.3271833246842962,2449.42952418256,233
0.16408593283293688,0.5720153011388909,3.8564176686712326,0.10240410979122659,10,1,306,10,1.0754445677200923,0.6895679435990226,2449.45245683988,12
0.312512129174086,0.6022574491682388,1.0322741946723328,0.04895765535368353,11,7,268,13,0.31124360199170464,0.5085878232777615,2450.236387021885,94
0.3294771635634314,0.5004595628424808,4.798475388398877,0.08294241174263425,10,7,265,28,1.194756694241965,0.6427195113712434,2451.3814692612686,226
0.38695899913091303,0.6865532259602035,0.0424708442607864,0.17504680664354183,12,3,372,1,1.7953897236750507,0.6440146992001277,2451.4054704581936,107
0.23957434910649325,0.7103064998020105,2.1068876138215407,0.10573295142820727,12,6,109,0,1.5878805162700314,0.725102444315422,2452.8031915196725,240
0.3376904723203091,0.6404811086207856,7.102613203958683,0.1878863747289032,8,7,359,22,1.3417449934192491,0.7499102476335306,2452.832782982802,238
0.23993716367781376,0.8243887548518629,5.351580315781545,0.17782664062413975,11,2,338,24,2.326093136483647,0.5585396792511581,2452.9121317394283,8
0.35565151110184673,0.667582082206255,0.2985334188120663,0.2053127905532243,10,7,187,18,0.43627960585667647,0.6913238678951107,2453.0787887946994,180
0.24885319168707154,0.6083228306857578,4.66557029702704,0.13470644077099744,9,5,291,23,2.079409849520954,0.689450372379752,2456.367056443129,209
0.3105743152449996,0.8397683852360782,0.005157944906884149,0.047970267895205795,12,0,124,21,0.29098662755111204,0.4918131438791114,2456.825020235899,185
0.11285163442204618,0.834049467740096,0.8869457590905556,0.1193707013730801,9,8,454,18,0.00018868333234944856,0.6791232039334029,2457.8691900292383,103
0.16821627604088926,0.8102254103663302,6.887735294631449,0.02466750723827641,12,5,390,7,0.955122815742693,0.6214703303056066,2459.4226273404283,123
0.07767645683306118,0.8281390756255427,6.027164287599421,0.11036500303956703,12,1,246,12,0.16889265682384924,0.7351614286667905,2459.776519232552,116
0.47444724257988186,0.5101974655168906,3.954736867581535,0.0737455254474884,12,3,110,21,2.1436332678146073,0.7373748858371518,2466.0815506967383,260
0.299323179974752,0.5465594777983847,2.8402468981437528,0.18170024454148184,11,3,446,12,1.0306634215894162,0.5639783741281263,2466.5971568124123,187
0.29389844751390853,0.613721550753428,4.758954623141146,0.062685620095836,12,8,153,21,0.53919889432152,0.5796717623334734,2466.6549562371283,76
0.42722849673734364,0.5960838316624393,1.3325911612167367,0.04816621836105686,11,5,221,17,2.9519895291335576,0.6568217433739446,2468.2092531712906,37
0.42874260921147767,0.8749314992099729,1.4546352835353302,0.19897681167019826,9,2,259,18,1.0322762275155721,0.5396542970554308,2468.3094110689326,144
0.4623629326665821,0.5415076012946615,1.863570222249285,0.10324853668819334,10,0,198,26,0.6435278315539315,0.3923225686072394,2468.819897992929,28
0.43367743095253447,0.7046085194302341,5.9806398414131685,0.09934340153375948,8,1,329,24,0.7597062853384243,0.587088597780043,2468.8222600095705,91
0.32598711188187535,0.9282100990214868,0.06153347305219281,0.046887157323449086,10,7,244,8,0.2782160684728937,0.533966764958604,2470.2540058204304,160
0.32878126244956196,0.6850648104874432,4.131972761676829,0.015379097702510815,12,7,426,16,0.98411555741071,0.5560959192021024,2471.025214322483,75
0.376910228578901,0.8649076140085477,3.9898949607281518,0.05394937957664959,12,2,138,4,1.98701176192389,0.4501985131202855,2472.436028568859,49
0.49981204403016,0.5106220801514636,0.9532408425091634,0.11723722362284875,10,0,271,27,1.7177287281374825,0.30329100734006553,2472.478147224885,24
0.28331394814800437,0.5294167909763423,0.04755273648322522,0.2558451564801293,11,1,132,6,2.3085442818627886,0.6986035770764161,2473.1340070061037,46
0.17000920382270213,0.6923534372428308,2.761531114280824,0.03814338994906158,12,1,256,9,0.7302707156248932,0.5031704121104101,2473.5400554247244,83
0.49888444710223345,0.5682373946536177,3.758651963267539,0.020761246299851484,12,3,314,12,2.7837423495588713,0.7402401103642069,2474.4088159217404,289
0.47933302456411975,0.6514687897340407,2.4371267489283057,0.10412738556904667,10,6,130,16,1.7437904989117299,0.6966223607917956,2477.5752390836565,215
0.479088480507799,0.5485595803452415,3.2280677351155447,0.0590719871500268,8,9,475,11,0.3526595824280783,0.6927966501255721,2478.13462664742,108
0.4968653059840745,0.5263958956420071,3.7608128291852556,0.026699051178643407,12,4,227,27,1.1444191291166137,0.626077087010732,2478.462621192796,222
0.34919009284878744,0.5477258748279537,2.275300222131036,0.2982658345221936,9,2,381,17,2.92675847510354,0.7123751381466403,2479.404350354428,65
0.29064432205451096,0.7295122570754028,3.3532180018493203,0.24017091911387772,11,1,270,2,2.8181092128083147,0.6170140089927841,2479.773587666245,7
0.38457129656746675,0.931370806570153,4.602612479864332,0.20880981556809441,10,9,230,12,2.497896096944879,0.47735052611068607,2480.227763554799,1
0.2004988917998542,0.5918176646721558,3.2877820840868304,0.1674936098928525,9,7,213,19,1.0658768335550415,0.7338551908229595,2480.828582386498,44
0.360839536980473,0.5346015705563333,7.721645939853684,0.09305749278754379,8,5,384,3,0.7652365891088698,0.6302491107167122,2481.688210432362,31
0.3827769053856892,0.675465667449572,3.7270676923698454,0.20107736968585346,11,9,131,19,2.183177229531975,0.45505197942665687,2482.475492079988,2
0.07694899511560072,0.8407987767592282,8.470231459806191,0.20736437120236403,12,4,437,8,2.0431173739821418,0.5960552260356344,2482.929372303496,18
0.3648030837542806,0.5769887681587395,3.582289028635139,0.19723698190855904,10,5,167,11,1.7442420180718057,0.46567081934156057,2484.4545777936096,64
0.15008196097263574,0.7731325660961962,5.657694134815982,0.2538487594975596,10,1,480,28,1.811239885142776,0.6764493677468393,2485.2846737797586,237
0.49280099030089203,0.5236466666159936,5.521825085095006,0.03269400884308382,10,3,358,22,2.584051018420538,0.6963465442995703,2487.109142734661,297
0.48660412436235667,0.5476764860393697,3.4781345225429483,0.05384638395791004,12,3,128,12,2.9424112389642345,0.6464254860149856,2487.1102389315283,271
0.3898138263549004,0.6159170849336906,1.4672720135858959,0.06120902012229601,10,5,184,3,1.2010083180197406,0.708327900876647,2487.554090976063,30
0.4280426082373211,0.587531192558376,5.26155958206385,0.07513372100029837,12,3,147,13,2.0307186276880667,0.28941668764570283,2487.6402691152066,295
0.1998798491722976,0.675554340343974,4.757395661774958,0.14085442998134595,11,2,257,4,2.854532686426174,0.2709490258707642,2489.587468047959,125
0.24377539377337343,0.7462965100353418,0.3464046763673414,0.2227179038596746,12,0,140,0,0.8305232901306594,0.527773798281491,2489.886643834653,53
0.2899970785852941,0.5776931871828845,3.0844834136825847,0.08750230733447184,8,6,380,24,1.3086132808830122,0.7189155647222334,2491.438341531472,204
0.47924634745853684,0.5203489457803007,4.133995855024445,0.016069531444187518,11,3,485,12,2.4751624791094944,0.7313315542562642,2492.573791750016,280
0.34405713287300654,0.6141358598076403,3.3822229562077686,0.1275546962180987,9,0,159,16,1.3182821672476777,0.6283756449677684,2493.3486752087715,164
0.32591241216923367,0.9990942947970869,6.235496172451976,0.24049091301031536,7,0,304,23,0.8112619853520728,0.6331913816390781,2494.0059358215367,131
0.2211705914192706,0.5910026574368068,4.108343474533877,0.13177235888149313,7,1,450,28,1.7686816421208298,0.7399318364897536,2494.765971338417,195
0.26509222125476956,0.6970410075720902,4.990097610701625,0.09668621381854561,10,1,178,20,0.38682303946181773,0.30958990887021504,2495.7078599247097,120
0.4686768195325048,0.5127653735914135,4.44130005475288,0.03290937165985107,12,3,199,12,2.6797469962617924,0.6296380431777231,2495.8720974248777,269
0.3991239886112134,0.58694645837511,3.7093206142850255,0.26823141274126383,12,9,209,2,1.4371206805866117,0.6599831660607355,2498.9221469883214,98
0.4181658572021475,0.9723748638227837,0.36390964361481465,0.16525427058708692,7,2,274,11,0.4668153556419261,0.5912981489279906,2499.68470869182,141
0.23228644900863077,0.7130879018679146,5.208345148837378,0.024285931529905606,12,1,249,28,0.6008152488493079,0.3737868560537422,2501.55360428586,84
0.3355220027276706,0.5778554052272715,4.272868072913946,0.18796486807910215,10,7,325,1,1.4790631306418878,0.3295402045034681,2503.372927247042,35
0.3695286531184111,0.5936440789638726,4.696474799329725,0.27530892253242645,12,6,224,18,1.453528739841556,0.7052069352223248,2503.646493165395,254
0.33429305450158,0.7798053759592267,7.52703287268811,0.05984466082710631,8,7,420,10,2.148143766620522,0.48786856562328573,2505.310186485352,130
0.43718292868340025,0.5963783291849947,3.075206271581911,0.2646003492732759,9,0,385,25,0.6021744782327928,0.5563911921507578,2509.0448314092687,175
0.48323393775691487,0.7284285695485062,4.445902771610885,0.14389509854626653,12,8,289,3,1.521284208678187,0.2622749864703485,2510.772902936558,45
0.3021899642809883,0.5120692652134805,5.609748772521411,0.1551049940600909,12,0,321,22,0.22219167368164452,0.4113850825134181,2512.5832775994245,126
0.3173543053453795,0.8935174609400255,6.517938477672038,0.08186341001233642,7,3,499,24,0.7769787874063476,0.3806481848325647,2512.656183168277,121
0.259321809324164,0.8687888943604388,6.218982002949048,0.13144438650474657,7,0,438,17,0.18273355960980467,0.3352108297098372,2514.524040846665,110
0.44019424465909124,0.6646192828778154,4.875081388831902,0.07227355711238707,7,1,443,2,0.6468182900366507,0.6756076928395189,2516.509974738814,55
0.4488315978182901,0.6089131305496869,3.571561618660827,0.12420954498058928,7,9,313,1,1.1453051211271952,0.6635855308770161,2516.703887289026,184
0.46325895130981737,0.5752214907608456,5.215198673095662,0.055396143861354226,10,3,177,12,2.584060152881545,0.6803411591939867,2517.0711724356247,273
0.34262784578649313,0.7120890362303409,6.453280360438532,0.2711652365447553,11,3,317,7,1.3140875593227697,0.6497767208035865,2520.6259382336734,6
0.17911144361121192,0.5337727298222977,5.5277878160353335,0.09990621069003931,11,4,145,28,2.1343707038347075,0.7286776821803805,2521.520304306432,199
0.4151958026047392,0.5323786385710716,3.22021350180877,0.05026958264137931,11,3,136,2,2.4798168199139594,0.7292744448163102,2522.669089826426,292
0.49795125405100255,0.5387499379705892,5.732792362377683,0.029062375634491693,12,3,175,12,2.4007424988191284,0.7404431904789439,2523.197075406657,278
0.05711826550646359,0.9341970124311785,5.551451453097165,0.16742286975335513,9,4,337,29,2.7600276793119485,0.5217015338451563,2524.86547052206,9
0.36261717014693906,0.724867305354583,3.048497754278188,0.13065591667429438,6,0,472,21,1.5773958102015921,0.7180742494679891,2524.91757105446,224
0.27069201315184616,0.5255901264174583,3.2075879283795685,0.05484396453610438,12,0,107,1,0.6904427397311537,0.6998474155118223,2525.4434594096483,71
0.3164618891550983,0.8261684750618091,2.4590263349673247,0.01982999310089699,11,5,293,15,1.9538305759472199,0.5511100440521122,2525.782748322006,136
0.43205659653538875,0.5577387083804188,4.695066510735979,0.02241576938009296,12,3,233,12,2.700400067194256,0.6579234733348277,2527.431195112736,275
0.46799359439152555,0.5280495538605169,2.528269248431468,0.04429001962093143,12,3,112,12,2.272004638369719,0.749008785432461,2529.6335088991536,282
0.38859425063885217,0.9108949001027525,1.2407470964670686,0.07006568923042104,10,3,106,3,1.3216635631696863,0.4955408455539063,2529.6882328175425,60
0.18954906024847423,0.8843050439409414,7.507821898741097,0.18414392818367792,10,2,419,17,0.2544978719050903,0.3561158203139351,2530.391184405614,111
0.1539790463651376,0.8631778834191404,3.4607959768057537,0.051905500614948835,12,4,116,29,0.7183244187681816,0.45589652969924427,2531.165780069415,128
0.34883461371156826,0.6514445537968645,1.9379657517568813,0.09571356361669991,7,1,345,12,0.4430052404241048,0.5298099622130332,2536.157173113907,85
0.16033061042486055,0.922642963650834,7.159418947051438,0.1665753987751895,9,0,183,9,1.3541150616389632,0.30161329489200017,2536.3252304910284,113
0.45789924653582265,0.5673250450695168,1.337057034976859,0.28528720586632894,8,6,498,26,0.659597173552781,0.48328588482687246,2540.156998007418,170
0.242533830991385,0.5728739513102656,4.909473246862146,0.158540682004361,8,1,179,16,1.5689456084333702,0.7138950075600511,2540.9147798132512,190
0.3506887280965809,0.5255601249500114,4.294301959397683,0.07488331124510512,10,1,115,28,1.7190169426242075,0.7491626317172336,2542.4220819551974,192
0.29777471163457153,0.6685846501232448,1.9958893867434142,0.035156939356720034,9,1,320,22,1.138414749232175,0.5343364708309808,2542.546999077675,96
0.11866756407729993,0.6564196531173141,2.4724336395187567,0.17364143443489258,12,6,399,4,2.453490058991254,0.2518151536273716,2544.0819289098786,11
0.226357638156456,0.7286353472353446,6.346752708505023,0.28878010453835806,9,0,121,13,2.625335695472114,0.44889293466596264,2546.917441463101,20
0.4496813565134792,0.5473543438794066,2.722681143845288,0.06790522657771635,9,3,171,29,2.132979818742264,0.6192083507487284,2553.3788235947727,291
0.42272508431658046,0.977796753584625,8.127789326600112,0.2217102527097453,6,6,302,8,2.0840689031561466,0.3940692051407407,2553.3904939923336,19
0.31880042940584014,0.8020973432294582,0.028768817651488643,0.0129399234685224,12,5,328,14,0.9727776746649636,0.5273041798466439,2556.07183893019,174
0.33846021895503425,0.5376672362637217,4.63960492277668,0.06748228046282038,8,2,263,23,0.9035693216851666,0.5959152960579829,2558.464193932311,100
0.2945388849441483,0.7711447188193123,1.4630369611807732,0.07681784186093153,7,8,350,14,1.6563962629128055,0.7498547905584426,2558.550759680378,21
0.37598326389414993,0.7760758057414978,0.5133546315868509,0.24470892696737906,12,2,307,5,0.8011238365358251,0.5848130767143941,2559.205325832557,39
0.32593094419419233,0.6683526070748402,1.8339139451235182,0.14631226050514773,6,1,356,26,1.624843816605726,0.5847713020131482,2561.2005430442528,247
0.4127492984793754,0.5042413362236295,4.535346971529471,0.10930244729941854,6,1,427,9,2.2365503035380443,0.6864789245412987,2561.270524234192,191
0.3870064384912801,0.6016397301135323,4.828101954766754,0.09338166437701595,6,8,467,6,1.860499661030917,0.7479981449960358,2562.840903782194,201
0.24846309890630358,0.8465422570740252,4.305348865381251,0.15034710575345467,12,0,174,8,0.11174860558502364,0.2573692937231062,2563.55931447852,118
0.424494115025518,0.5176729984199847,3.188542326152739,0.0712358903190588,7,3,371,12,2.281315966362378,0.6924364664720951,2564.332126605472,276
0.45755027480140054,0.6130490926944351,6.118735615676948,0.05932503489157331,7,3,398,7,2.620789170850049,0.6724271239201658,2567.3270507386696,288
0.14077587872886338,0.9420731644512659,0.24478741816214944,0.21206667913386099,8,3,148,2,0.374101977816946,0.5079160559651983,2570.2916316553974,17
0.42803775734527627,0.8208477865334196,2.7594149274754525,0.0676726566032962,7,2,315,29,1.8950800639807595,0.630628354622601,2570.440821266806,239
0.2934728926595905,0.652016280019813,4.121024819753877,0.04960539688986833,10,8,129,10,0.6360931499516744,0.5970521527117348,2578.4178981309005,248
0.23229395829415306,0.6692107017063735,4.406286014632916,0.029061347697876133,9,3,335,6,0.515614684189682,0.6561979941786815,2579.2067426577514,5
0.25560321004093284,0.6782228575136702,1.1198456379702586,0.0954512195376699,6,0,490,7,2.5688995924381914,0.4832227915514704,2581.4944249472733,47
0.27470312018794885,0.754464013971894,2.86774316778102,0.23067909450805385,12,6,282,25,0.6412856935833977,0.3662526339543477,2586.4428359545864,133
0.3797664142510607,0.6084805638119,5.3847493426596245,0.11296566359616239,7,9,210,12,1.354852470400943,0.6915163151107444,2591.648492520761,228
0.2846197572978221,0.5495310838816465,3.3571286674971006,0.08940065438890629,6,9,473,8,0.17524961347530998,0.6125446897295102,2594.253801223048,89
0.34975603491677804,0.949807199689105,1.5883734554171047,0.05841462437046368,8,9,206,6,1.3966240002107466,0.46315004856795033,2595.0652310977557,159
0.31699240852931754,0.6196256138493353,2.933559020130877,0.1717587703266251,7,9,155,28,2.3697872033861636,0.7068167879321837,2600.6302832291485,217
0.39711183025346003,0.7151377112574147,0.5429948256220066,0.03190395924656127,8,0,336,3,1.2311288694134983,0.6450228654528484,2609.770502086948,181
0.2979000464908217,0.7659304754748592,5.4400516240464105,0.030475517368416635,8,6,373,19,1.0228043949889192,0.7213669824026383,2612.3947092370995,119
0.2584200621633652,0.7599093330127368,3.6163349131820333,0.07214770371332878,6,1,458,5,0.4097714492229956,0.43447716600918607,2614.707497887208,81
0.12575368179578025,0.7667036580791465,0.18765184725513906,0.03701215183266361,9,9,349,26,2.68017247873538,0.7398098738864427,2620.340082468307,134
0.4373824149184198,0.5362085459606325,5.084601770550973,0.02570514790551095,8,3,402,4,2.0731748212523513,0.7000926087900288,2630.518498262862,287
0.4782140994537932,0.5686541867704379,3.613579978135914,0.03731495166421482,8,3,275,12,2.982070451976366,0.706354230760529,2632.663203966102,274
0.36749928817354593,0.576391310189335,3.3996878202890914,0.0314431436849955,9,1,219,23,2.089758386318092,0.6881946580073937,2636.5115526497752,242
0.30518952784976905,0.704072478785173,6.9694849122427485,0.0337396540444255,9,4,190,24,1.8019133014281796,0.5573789482064118,2636.7353294952773,50
0.45807644911220324,0.5600937139716233,2.4289197945971317,0.04253265118128745,8,7,220,23,0.9579683860673458,0.7189814790234383,2637.92045492341,26
0.20212203158831,0.5417047326097425,3.9652351744410614,0.05935666607579213,8,1,237,1,0.9862365016961461,0.7446133035482001,2642.2041372228605,225
0.21283463474323683,0.7385502535619787,7.914995546647445,0.1265452878881197,6,7,262,6,1.5415023218993054,0.7482879670613501,2644.142891262215,117
0.41779087080804955,0.8086081363260749,1.3320794689367406,0.057283402203288154,6,6,411,29,0.6640183777874282,0.6395616800571423,2646.509101172255,97
0.30488298899057287,0.5298129641725431,3.671242931932662,0.07160114717964909,6,7,379,23,0.35818152281640137,0.6366236628794637,2658.05935465775,168
0.2687707978294231,0.5162698780832269,1.537754902074373,0.08122632216436249,6,8,407,16,0.7072293543890417,0.4741776806340294,2659.741443827254,178
0.49734889821582323,0.5078567208675688,0.9475495885082434,0.12768109115543974,7,5,126,27,1.384748131840304,0.7443128304896747,2660.8133431841225,25
0.36836646545048707,0.8365176146190982,2.0015178246829066,0.10487325541257131,6,0,218,9,0.40663952766270994,0.45012546375609386,2664.405476111408,157
0.43601610060121143,0.9068768427489627,4.167506553014847,0.08496835279725146,6,1,247,3,1.11492905415823,0.6598641192963737,2671.6879917486194,137
0.22258217312101128,0.7560278296358269,4.009082788768093,0.21281560587992993,12,1,363,26,0.7986018650840363,0.28448724658404434,2674.4285879857207,102
0.49442750157767823,0.6094349613053724,2.6676593434154343,0.042693404397353835,7,9,287,18,1.9972078789884389,0.6423031203365757,2689.425911325065,63
0.4675574639295229,0.9508973084205574,3.0086124002197328,0.040524803204436084,7,1,258,5,1.0474632066990575,0.5210219180174746,2691.504472235628,99
0.14708926528147626,0.7010612874339213,3.474636817262877,0.14738395032404483,6,4,225,10,0.9217744916662182,0.6907392088164706,2695.135911926439,13
0.4864326521004239,0.7326851627466724,7.43565423341861,0.06347931277081377,8,1,111,9,2.2040179506096775,0.7340257187789221,2695.3242808434406,249
0.39923013464579343,0.5562485942633136,5.13056671031528,0.07932554946376272,8,5,108,12,2.4271098931637405,0.5430734824387159,2698.374363856986,42
0.3906913830620699,0.6571838298310884,1.1444973926917823,0.06304053877082488,7,9,196,22,1.1584237979319283,0.5426831739989761,2698.696725967616,172
0.12822603480338013,0.8191474498986524,2.0051660142854013,0.2845457696384163,6,6,150,0,2.762945185097731,0.5685170157120633,2700.039963213628,15
0.3567704464857157,0.639680458787305,3.9176000280864534,0.03420413908713818,7,2,365,16,1.8646442865076311,0.4171909424075561,2701.131342965921,34
0.35452778059480566,0.7226455968394888,8.26793229427511,0.06793720638583137,6,1,300,13,2.394446272256067,0.7022270496300036,2706.726525230614,127
0.44166448011030096,0.7612933631677088,4.248845271664976,0.12042593569234755,6,8,161,7,1.249359036511468,0.3872225119861033,2709.131970541556,235
0.46972698252932593,0.5145007436532725,4.858273753660748,0.010048098745301354,12,3,357,0,2.22381643962266,0.6353614644902329,2738.213712727676,290
0.4138985284239898,0.502040983728519,8.115552195552816,0.08556448851100834,7,0,135,26,2.7523958093726364,0.7497079593012798,2741.621716445069,300
0.0988884520882437,0.5582430247264113,1.5856706411888004,0.02440037641554707,12,7,296,10,1.6130191356891832,0.41426237541574656,2749.1209119904547,58
0.4437114381808961,0.5010474933164122,4.5854708727060975,0.03429998929291969,6,3,485,20,2.171873463681966,0.7215739972355719,2752.56623954752,283
0.08709719199571056,0.5879645804475757,4.43505526877275,0.2996295544814396,7,9,182,22,2.503902963969817,0.6664834594694032,2778.5780720017774,206
0.2676028918945419,0.5356479561694403,3.308680856590074,0.054740285107819545,8,0,119,10,1.0846842760844742,0.678856664047808,2783.30573362401,214
0.44152136361645133,0.631468746863215,8.932366315414122,0.1038899721548476,6,5,143,26,0.552387493138506,0.6024876304060109,2788.002745677516,59
0.415229700351144,0.6279843358634245,3.8021767706206786,0.07145211902494233,6,8,201,13,1.285352876563384,0.6333941105387092,2790.1460590994634,212
0.4066322673276232,0.8554919416947693,2.6535018138482123,0.01985382069533074,7,5,331,20,0.9012424621281061,0.5709673207812933,2820.125690175801,162
0.3697766649765715,0.5647473629425805,2.9648642530862093,0.007411784913257093,12,5,440,16,0.3816660837905381,0.6239381737831253,2824.6165412512546,73
0.31836461582921877,0.6912078988475009,7.250492296138054,0.01916923825628751,7,3,369,28,1.2912191786345273,0.7070801240293177,2835.225608470139,41
0.05143757532054766,0.7897178570001525,5.305324664300624,0.10203018157812149,11,8,117,21,0.06915409998126765,0.42792335784648916,2838.677062842381,115
0.3581091325461997,0.6028568618779324,2.7726386004658448,0.13468496462563292,6,5,100,22,2.1769089771682095,0.6350730141117106,2838.715524998973,51
0.1435690910691967,0.5934893436188449,6.171736125679595,0.08618262908741917,6,4,235,22,0.039549106913561505,0.5135549038733036,2841.954734332218,14
0.20614087007077392,0.7840702163910469,4.258174717025561,0.012916819120551565,9,6,298,6,1.0999920044416283,0.4908935501946712,2857.2716154051586,87
0.47852173904255124,0.56117369606472,4.053561557306047,0.03866277207513147,6,3,254,16,2.3508061796571083,0.748872260725857,2901.921450808694,296
0.4365980960833647,0.5000363696913712,6.760513760820013,0.039145667976359336,6,3,266,1,1.5354539006355776,0.749986199107185,2907.675447541286,257
0.364425206531693,0.6023844205554846,5.078517470380756,0.01001679588003987,12,4,308,15,0.7021527566429405,0.3942371174080378,2962.9466990818973,105
0.4914660140931437,0.5319467058429997,4.111358401482734,0.0103926112956663,12,3,294,12,2.826648335145183,0.6642476825890128,3025.974363957644,272
0.4868135144658356,0.5385790044738256,4.9415001157606095,0.014255603768390482,12,9,207,11,1.1937755206614429,0.6524415204381372,3066.7183046223527,36
0.27408464130738636,0.6547836216730734,1.6558246818002968,0.0198115487673059,6,6,316,25,0.6079863078430202,0.5803933474034384,3107.951104281421,106
0.4487561286233006,0.6435019687234482,2.521854330966092,0.01896672629482717,12,3,134,5,0.05308410485098508,0.5495171050785512,3463.6566886527507,90
0.469100186738049,0.5810468089808158,4.747140737673478,0.016383722112506795,8,5,157,10,2.4044146138340707,0.6255844387022653,3801.5206772511383,298
0.15312659331264486,0.8183425618393441,6.4621827557610905,0.024104627236382906,9,1,104,10,2.7561675650081305,0.47241625615057586,3928.054004269139,4
0.27027040754226345,0.6182720788827433,3.7555281057186902,0.008809440884629732,12,5,267,17,1.419342165808252,0.7119627123815672,3973.105954771687,244
0.2797456608248171,0.6747588986913207,4.520679513817407,0.004975552877950248,8,1,481,5,0.0966988826304887,0.5387795907577669,4146.515695912151,82
0.44559681061755024,0.9641034565288169,0.48814549533663687,0.014865596616073319,12,2,149,11,0.5266029338634797,0.5103912564221091,4177.175140251518,147
0.06741199593608836,0.6654417354061734,0.04474070028058785,0.008762469062895194,9,6,309,8,1.9200300047220744,0.5416846428209146,4699.56941000055,16
0.40659065473141087,0.9496225667931426,0.6920586309004443,0.009524626758615665,8,2,192,11,0.9255603149037406,0.49914564993623367,5722.385369711292,140
0.4892922304344501,0.5588714698826807,3.407930545896979,0.0022203151215366562,12,3,405,12,2.7197635717987194,0.7233465028133841,12561.13176436212,281
0.31092818999204525,0.5005832588560264,2.3890963973281707,0.0059181716877062945,12,6,144,5,1.1842403182753332,0.495567613616376,13137.840836049749,158
0.41292710906883234,0.5716246881548491,3.477114664240126,0.0021771233472571774,8,6,384,13,1.0231717671048006,0.34574283471329037,13416.213600765204,52
0.4998890164549191,0.5481997230544049,2.8505145368720264,0.005489396838162686,9,3,118,12,2.42510796751424,0.7487097481751814,15954.173306516484,279
0.28864213858860904,0.7328583664339525,4.683440374353493,0.0016876454026949067,12,1,341,2,0.3324868684787804,0.6496299728651275,17018.276950947726,132
0.3694140653547072,0.556715217963182,1.8104657291567983,0.0021730258375449035,11,2,264,10,0.1279196942472362,0.5739903086512754,17061.324973364583,176
0.39044261360527294,0.8044190291893947,3.5146509645099515,0.0011711123280723629,7,4,353,28,2.3119765474530327,0.6834293187251984,20019.33351706532,250
0.3256597133106713,0.7241309268815979,6.645839134460447,0.0007590286030683124,7,2,278,4,0.5870075551066003,0.6694417462930881,24336.93505618333,92
0.4867789198391985,0.5084066637444934,3.536307983237177,0.0010773461607848367,12,3,123,17,2.885431101706299,0.6006879177441412,26249.594694986,293
0.40632870021961154,0.7673845381378016,2.4085788878324483,0.0002955596958784945,10,5,160,15,0.19107817502499413,0.5900093236989241,28519.0994894661,32
