iteration,rmse,datetime_start,datetime_complete,duration,depth,l2_leaf_reg,min_data_in_leaf,n_estimators,one_hot_max_size,state
340,2418.0214782341136,2023-01-31 04:05:42.708012,2023-01-31 04:06:09.043191,0 days 00:00:26.335179,10,0.8,10,500,5,COMPLETE
423,2418.0214782341136,2023-01-31 04:45:42.891748,2023-01-31 04:46:04.412344,0 days 00:00:21.520596,10,0.8,10,500,15,COMPLETE
223,2418.0214782341136,2023-01-31 03:09:15.869230,2023-01-31 03:09:36.417234,0 days 00:00:20.548004,10,0.8,10,500,5,COMPLETE
487,2418.0214782341136,2023-01-31 05:16:06.875108,2023-01-31 05:16:27.168361,0 days 00:00:20.293253,10,0.8,10,500,5,COMPLETE
116,2418.0214782341136,2023-01-31 02:15:34.750218,2023-01-31 02:15:55.696009,0 days 00:00:20.945791,10,0.8,10,500,20,COMPLETE
71,2418.0214782341136,2023-01-31 01:53:39.650360,2023-01-31 01:54:10.383870,0 days 00:00:30.733510,10,0.8,10,500,20,COMPLETE
287,2418.0214782341136,2023-01-31 03:40:08.830388,2023-01-31 03:40:36.777471,0 days 00:00:27.947083,10,0.8,10,500,5,COMPLETE
313,2418.0214782341136,2023-01-31 03:52:54.834731,2023-01-31 03:53:22.212818,0 days 00:00:27.378087,10,0.8,10,500,5,COMPLETE
237,2418.0214782341136,2023-01-31 03:15:52.590673,2023-01-31 03:16:14.581850,0 days 00:00:21.991177,10,0.8,10,500,5,COMPLETE
90,2418.0214782341136,2023-01-31 02:02:35.797560,2023-01-31 02:02:57.453104,0 days 00:00:21.655544,10,0.8,10,500,5,COMPLETE
192,2418.0214782341136,2023-01-31 02:53:18.343907,2023-01-31 02:53:46.600437,0 days 00:00:28.256530,10,0.8,10,500,5,COMPLETE
204,2418.0214782341136,2023-01-31 02:59:35.439563,2023-01-31 03:00:03.901468,0 days 00:00:28.461905,10,0.8,10,500,5,COMPLETE
32,2418.022257153453,2023-01-31 01:35:14.005727,2023-01-31 01:35:35.488158,0 days 00:00:21.482431,10,0.8,10,500,5,COMPLETE
430,2418.022257153453,2023-01-31 04:49:09.925843,2023-01-31 04:49:35.517195,0 days 00:00:25.591352,10,0.8,10,500,15,COMPLETE
33,2418.022257153453,2023-01-31 01:35:40.310791,2023-01-31 01:36:01.580419,0 days 00:00:21.269628,10,0.8,10,500,5,COMPLETE
228,2418.022257153453,2023-01-31 03:11:32.091224,2023-01-31 03:11:53.500000,0 days 00:00:21.408776,10,0.8,10,500,5,COMPLETE
381,2418.022257153453,2023-01-31 04:25:52.499331,2023-01-31 04:26:30.394402,0 days 00:00:37.895071,10,0.8,10,500,5,COMPLETE
428,2418.022257153453,2023-01-31 04:48:06.799730,2023-01-31 04:48:30.002930,0 days 00:00:23.203200,10,0.8,10,500,20,COMPLETE
73,2418.022257153453,2023-01-31 01:54:43.699087,2023-01-31 01:55:04.101776,0 days 00:00:20.402689,10,0.8,10,500,20,COMPLETE
61,2418.022257153453,2023-01-31 01:48:46.240281,2023-01-31 01:49:15.991243,0 days 00:00:29.750962,10,0.8,10,500,5,COMPLETE
318,2418.022257153453,2023-01-31 03:55:15.248775,2023-01-31 03:55:37.200132,0 days 00:00:21.951357,10,0.8,10,500,5,COMPLETE
440,2418.022257153453,2023-01-31 04:53:49.140557,2023-01-31 04:54:11.569495,0 days 00:00:22.428938,10,0.8,10,500,20,COMPLETE
450,2418.022257153453,2023-01-31 04:58:20.541756,2023-01-31 04:58:42.209701,0 days 00:00:21.667945,10,0.8,10,500,5,COMPLETE
446,2418.022257153453,2023-01-31 04:56:26.092303,2023-01-31 04:56:47.391739,0 days 00:00:21.299436,10,0.8,10,500,5,COMPLETE
205,2418.022257153453,2023-01-31 03:00:08.995851,2023-01-31 03:00:29.654318,0 days 00:00:20.658467,10,0.8,10,500,5,COMPLETE
326,2418.022257153453,2023-01-31 03:58:48.982759,2023-01-31 03:59:10.762098,0 days 00:00:21.779339,10,0.8,10,500,5,COMPLETE
345,2418.022257153453,2023-01-31 04:08:17.486303,2023-01-31 04:08:38.619573,0 days 00:00:21.133270,10,0.8,10,500,5,COMPLETE
346,2418.022257153453,2023-01-31 04:08:42.783058,2023-01-31 04:09:04.494562,0 days 00:00:21.711504,10,0.8,10,500,5,COMPLETE
146,2418.022257153453,2023-01-31 02:30:36.600271,2023-01-31 02:30:57.585226,0 days 00:00:20.984955,10,0.8,10,500,5,COMPLETE
356,2418.022257153453,2023-01-31 04:13:31.845923,2023-01-31 04:13:53.024956,0 days 00:00:21.179033,10,0.8,10,500,5,COMPLETE
82,2418.022257153453,2023-01-31 01:58:48.952700,2023-01-31 01:59:11.949875,0 days 00:00:22.997175,10,0.8,10,500,5,COMPLETE
308,2418.022257153453,2023-01-31 03:50:29.741842,2023-01-31 03:50:51.079635,0 days 00:00:21.337793,10,0.8,10,500,5,COMPLETE
485,2418.022257153453,2023-01-31 05:15:11.559505,2023-01-31 05:15:32.411479,0 days 00:00:20.851974,10,0.8,10,500,5,COMPLETE
293,2418.022257153453,2023-01-31 03:43:05.984531,2023-01-31 03:43:30.573078,0 days 00:00:24.588547,10,0.8,10,500,5,COMPLETE
132,2418.022257153453,2023-01-31 02:23:34.798257,2023-01-31 02:23:58.823765,0 days 00:00:24.025508,10,0.8,10,500,5,COMPLETE
401,2418.022257153453,2023-01-31 04:35:38.446479,2023-01-31 04:35:59.879235,0 days 00:00:21.432756,10,0.8,10,500,5,COMPLETE
53,2418.022257153453,2023-01-31 01:44:56.086851,2023-01-31 01:45:35.045131,0 days 00:00:38.958280,10,0.8,10,500,5,COMPLETE
474,2418.022257153453,2023-01-31 05:09:43.824947,2023-01-31 05:10:08.180477,0 days 00:00:24.355530,10,0.8,10,500,5,COMPLETE
155,2418.022257153453,2023-01-31 02:34:57.707229,2023-01-31 02:35:18.790982,0 days 00:00:21.083753,10,0.8,10,500,5,COMPLETE
426,2418.022257153453,2023-01-31 04:47:11.867830,2023-01-31 04:47:36.667005,0 days 00:00:24.799175,10,0.8,10,500,15,COMPLETE
348,2418.022257153453,2023-01-31 04:09:35.395646,2023-01-31 04:09:57.411101,0 days 00:00:22.015455,10,0.8,10,500,5,COMPLETE
157,2418.022257153453,2023-01-31 02:35:50.831356,2023-01-31 02:36:12.780550,0 days 00:00:21.949194,10,0.8,10,500,5,COMPLETE
21,2418.022257153453,2023-01-31 01:29:58.920789,2023-01-31 01:30:21.149279,0 days 00:00:22.228490,10,0.8,10,500,10,COMPLETE
370,2418.022257153453,2023-01-31 04:20:18.826766,2023-01-31 04:20:39.767057,0 days 00:00:20.940291,10,0.8,10,500,5,COMPLETE
333,2418.0222669329764,2023-01-31 04:02:18.490339,2023-01-31 04:02:40.164167,0 days 00:00:21.673828,10,0.8,10,500,5,COMPLETE
443,2418.0222669329764,2023-01-31 04:55:06.890778,2023-01-31 04:55:28.520530,0 days 00:00:21.629752,10,0.8,10,500,5,COMPLETE
193,2418.0222669329764,2023-01-31 02:53:50.692349,2023-01-31 02:54:13.454624,0 days 00:00:22.762275,10,0.8,10,500,5,COMPLETE
301,2418.0222669329764,2023-01-31 03:47:11.071935,2023-01-31 03:47:35.378749,0 days 00:00:24.306814,10,0.8,10,500,20,COMPLETE
99,2418.0222669329764,2023-01-31 02:06:43.226150,2023-01-31 02:07:05.924530,0 days 00:00:22.698380,10,0.8,10,500,20,COMPLETE
109,2418.0222669329764,2023-01-31 02:11:54.089513,2023-01-31 02:12:17.298008,0 days 00:00:23.208495,10,0.8,10,500,10,COMPLETE
298,2418.0222669329764,2023-01-31 03:45:32.458374,2023-01-31 03:45:55.467385,0 days 00:00:23.009011,10,0.8,10,500,5,COMPLETE
103,2418.0222669329764,2023-01-31 02:08:52.659022,2023-01-31 02:09:18.575619,0 days 00:00:25.916597,10,0.8,10,500,5,COMPLETE
417,2418.0222669329764,2023-01-31 04:42:58.410207,2023-01-31 04:43:27.100667,0 days 00:00:28.690460,10,0.8,10,500,5,COMPLETE
143,2418.0222669329764,2023-01-31 02:28:42.141622,2023-01-31 02:29:25.678295,0 days 00:00:43.536673,10,0.8,10,500,5,COMPLETE
317,2418.0222669329764,2023-01-31 03:54:47.847916,2023-01-31 03:55:10.284442,0 days 00:00:22.436526,10,0.8,10,500,5,COMPLETE
48,2418.0222669329764,2023-01-31 01:42:37.013865,2023-01-31 01:42:58.810264,0 days 00:00:21.796399,10,0.8,10,500,5,COMPLETE
496,2418.0222669329764,2023-01-31 05:20:05.320816,2023-01-31 05:20:27.944642,0 days 00:00:22.623826,10,0.8,10,500,15,COMPLETE
216,2418.0222669329764,2023-01-31 03:05:41.016164,2023-01-31 03:06:03.092622,0 days 00:00:22.076458,10,0.8,10,500,5,COMPLETE
220,2418.0222669329764,2023-01-31 03:07:35.734771,2023-01-31 03:07:57.156853,0 days 00:00:21.422082,10,0.8,10,500,5,COMPLETE
224,2418.0222669329764,2023-01-31 03:09:41.204321,2023-01-31 03:10:01.748046,0 days 00:00:20.543725,10,0.8,10,500,5,COMPLETE
162,2418.0222669329764,2023-01-31 02:38:29.057789,2023-01-31 02:38:57.627682,0 days 00:00:28.569893,10,0.8,10,500,5,COMPLETE
366,2418.0222669329764,2023-01-31 04:18:22.443699,2023-01-31 04:18:43.186844,0 days 00:00:20.743145,10,0.8,10,500,5,COMPLETE
225,2418.0222669329764,2023-01-31 03:10:06.441899,2023-01-31 03:10:27.466099,0 days 00:00:21.024200,10,0.8,10,500,5,COMPLETE
16,2418.0222669329764,2023-01-31 01:27:34.594908,2023-01-31 01:27:55.868831,0 days 00:00:21.273923,10,0.8,10,500,20,COMPLETE
498,2418.0222669329764,2023-01-31 05:21:00.483198,2023-01-31 05:21:21.306518,0 days 00:00:20.823320,10,0.8,10,500,5,COMPLETE
227,2418.0222669329764,2023-01-31 03:10:57.838492,2023-01-31 03:11:27.844699,0 days 00:00:30.006207,10,0.8,10,500,5,COMPLETE
37,2418.699451228844,2023-01-31 01:37:28.252828,2023-01-31 01:37:50.938224,0 days 00:00:22.685396,10,0.75,20,500,15,COMPLETE
351,2419.96540335954,2023-01-31 04:10:59.972184,2023-01-31 04:11:25.884799,0 days 00:00:25.912615,10,0.8,10,500,15,COMPLETE
323,2419.96540335954,2023-01-31 03:57:29.685018,2023-01-31 03:57:51.831619,0 days 00:00:22.146601,10,0.8,10,500,5,COMPLETE
352,2419.96540335954,2023-01-31 04:11:36.995349,2023-01-31 04:11:59.277743,0 days 00:00:22.282394,10,0.8,10,500,5,COMPLETE
335,2419.96540335954,2023-01-31 04:03:15.525131,2023-01-31 04:03:37.265953,0 days 00:00:21.740822,10,0.8,10,500,15,COMPLETE
354,2419.96540335954,2023-01-31 04:12:36.766166,2023-01-31 04:12:58.778490,0 days 00:00:22.012324,10,0.8,10,500,5,COMPLETE
322,2419.96540335954,2023-01-31 03:57:04.333441,2023-01-31 03:57:25.270224,0 days 00:00:20.936783,10,0.8,10,500,5,COMPLETE
321,2419.96540335954,2023-01-31 03:56:36.943082,2023-01-31 03:57:00.086547,0 days 00:00:23.143465,10,0.8,10,500,5,COMPLETE
355,2419.96540335954,2023-01-31 04:13:06.659719,2023-01-31 04:13:27.383085,0 days 00:00:20.723366,10,0.8,10,500,5,COMPLETE
319,2419.96540335954,2023-01-31 03:55:44.503248,2023-01-31 03:56:06.461769,0 days 00:00:21.958521,10,0.8,20,500,5,COMPLETE
353,2419.96540335954,2023-01-31 04:12:03.309172,2023-01-31 04:12:32.419626,0 days 00:00:29.110454,10,0.8,10,500,5,COMPLETE
350,2419.96540335954,2023-01-31 04:10:31.465277,2023-01-31 04:10:53.749389,0 days 00:00:22.284112,10,0.8,10,500,5,COMPLETE
344,2419.96540335954,2023-01-31 04:07:45.198539,2023-01-31 04:08:12.869819,0 days 00:00:27.671280,10,0.8,10,500,5,COMPLETE
325,2419.96540335954,2023-01-31 03:58:22.589387,2023-01-31 03:58:44.332063,0 days 00:00:21.742676,10,0.8,10,500,5,COMPLETE
347,2419.96540335954,2023-01-31 04:09:09.182605,2023-01-31 04:09:30.983740,0 days 00:00:21.801135,10,0.8,10,500,5,COMPLETE
334,2419.96540335954,2023-01-31 04:02:44.891035,2023-01-31 04:03:08.543398,0 days 00:00:23.652363,10,0.8,10,500,5,COMPLETE
343,2419.96540335954,2023-01-31 04:07:19.873884,2023-01-31 04:07:40.710385,0 days 00:00:20.836501,10,0.8,10,500,5,COMPLETE
342,2419.96540335954,2023-01-31 04:06:40.533604,2023-01-31 04:07:14.925923,0 days 00:00:34.392319,10,0.8,10,500,5,COMPLETE
327,2419.96540335954,2023-01-31 03:59:15.344359,2023-01-31 03:59:45.520604,0 days 00:00:30.176245,10,0.8,10,500,5,COMPLETE
328,2419.96540335954,2023-01-31 03:59:51.531247,2023-01-31 04:00:13.379214,0 days 00:00:21.847967,10,0.8,10,500,5,COMPLETE
341,2419.96540335954,2023-01-31 04:06:13.281743,2023-01-31 04:06:36.246615,0 days 00:00:22.964872,10,0.8,10,500,5,COMPLETE
329,2419.96540335954,2023-01-31 04:00:17.919468,2023-01-31 04:00:41.151494,0 days 00:00:23.232026,10,0.8,10,500,5,COMPLETE
330,2419.96540335954,2023-01-31 04:00:47.198527,2023-01-31 04:01:09.519182,0 days 00:00:22.320655,10,0.8,10,500,5,COMPLETE
339,2419.96540335954,2023-01-31 04:05:15.460242,2023-01-31 04:05:37.479432,0 days 00:00:22.019190,10,0.8,10,500,5,COMPLETE
331,2419.96540335954,2023-01-31 04:01:13.742499,2023-01-31 04:01:36.587047,0 days 00:00:22.844548,10,0.8,10,500,5,COMPLETE
337,2419.96540335954,2023-01-31 04:04:10.701413,2023-01-31 04:04:43.191428,0 days 00:00:32.490015,10,0.8,10,500,5,COMPLETE
349,2419.96540335954,2023-01-31 04:10:03.888257,2023-01-31 04:10:26.842095,0 days 00:00:22.953838,10,0.8,10,500,5,COMPLETE
338,2419.96540335954,2023-01-31 04:04:47.971739,2023-01-31 04:05:11.420246,0 days 00:00:23.448507,10,0.8,10,500,5,COMPLETE
249,2419.96540335954,2023-01-31 03:21:42.876129,2023-01-31 03:22:04.723129,0 days 00:00:21.847000,10,0.8,10,500,15,COMPLETE
315,2419.96540335954,2023-01-31 03:53:53.709767,2023-01-31 03:54:16.419552,0 days 00:00:22.709785,10,0.8,10,500,5,COMPLETE
279,2419.96540335954,2023-01-31 03:36:06.204526,2023-01-31 03:36:29.079674,0 days 00:00:22.875148,10,0.8,20,500,20,COMPLETE
278,2419.96540335954,2023-01-31 03:35:23.505467,2023-01-31 03:35:48.982438,0 days 00:00:25.476971,10,0.8,10,500,5,COMPLETE
277,2419.96540335954,2023-01-31 03:34:54.047118,2023-01-31 03:35:17.360177,0 days 00:00:23.313059,10,0.8,10,500,5,COMPLETE
276,2419.96540335954,2023-01-31 03:34:26.599639,2023-01-31 03:34:49.311840,0 days 00:00:22.712201,10,0.8,10,500,5,COMPLETE
275,2419.96540335954,2023-01-31 03:34:01.478564,2023-01-31 03:34:22.342735,0 days 00:00:20.864171,10,0.8,10,500,20,COMPLETE
274,2419.96540335954,2023-01-31 03:33:32.815181,2023-01-31 03:33:57.496450,0 days 00:00:24.681269,10,0.8,10,500,5,COMPLETE
273,2419.96540335954,2023-01-31 03:32:59.373709,2023-01-31 03:33:28.603376,0 days 00:00:29.229667,10,0.8,10,500,5,COMPLETE
272,2419.96540335954,2023-01-31 03:32:34.137510,2023-01-31 03:32:55.387164,0 days 00:00:21.249654,10,0.8,10,500,10,COMPLETE
271,2419.96540335954,2023-01-31 03:32:03.521568,2023-01-31 03:32:29.517989,0 days 00:00:25.996421,10,0.8,10,500,5,COMPLETE
270,2419.96540335954,2023-01-31 03:31:24.526259,2023-01-31 03:31:58.780400,0 days 00:00:34.254141,10,0.8,10,500,5,COMPLETE
269,2419.96540335954,2023-01-31 03:30:58.879827,2023-01-31 03:31:20.409946,0 days 00:00:21.530119,10,0.8,10,500,5,COMPLETE
268,2419.96540335954,2023-01-31 03:30:32.655269,2023-01-31 03:30:54.136788,0 days 00:00:21.481519,10,0.8,10,500,20,COMPLETE
267,2419.96540335954,2023-01-31 03:30:07.557997,2023-01-31 03:30:28.680958,0 days 00:00:21.122961,10,0.8,10,500,15,COMPLETE
266,2419.96540335954,2023-01-31 03:29:36.237256,2023-01-31 03:30:01.648099,0 days 00:00:25.410843,10,0.8,10,500,5,COMPLETE
265,2419.96540335954,2023-01-31 03:29:07.055909,2023-01-31 03:29:32.266023,0 days 00:00:25.210114,10,0.8,10,500,5,COMPLETE
264,2419.96540335954,2023-01-31 03:28:38.894977,2023-01-31 03:29:02.026188,0 days 00:00:23.131211,10,0.8,10,500,5,COMPLETE
263,2419.96540335954,2023-01-31 03:28:12.481379,2023-01-31 03:28:34.300308,0 days 00:00:21.818929,10,0.8,10,500,20,COMPLETE
262,2419.96540335954,2023-01-31 03:27:47.289515,2023-01-31 03:28:07.969918,0 days 00:00:20.680403,10,0.8,10,500,5,COMPLETE
261,2419.96540335954,2023-01-31 03:27:15.908562,2023-01-31 03:27:42.575080,0 days 00:00:26.666518,10,0.8,10,500,5,COMPLETE
259,2419.96540335954,2023-01-31 03:26:25.330434,2023-01-31 03:26:47.228514,0 days 00:00:21.898080,10,0.8,10,500,5,COMPLETE
258,2419.96540335954,2023-01-31 03:25:58.906655,2023-01-31 03:26:21.180129,0 days 00:00:22.273474,10,0.8,10,500,20,COMPLETE
280,2419.96540335954,2023-01-31 03:36:35.539990,2023-01-31 03:36:56.959828,0 days 00:00:21.419838,10,0.8,10,500,5,COMPLETE
282,2419.96540335954,2023-01-31 03:37:29.082270,2023-01-31 03:37:54.791119,0 days 00:00:25.708849,10,0.8,10,500,20,COMPLETE
283,2419.96540335954,2023-01-31 03:38:01.618064,2023-01-31 03:38:23.972970,0 days 00:00:22.354906,10,0.8,10,500,5,COMPLETE
284,2419.96540335954,2023-01-31 03:38:32.777513,2023-01-31 03:38:54.858084,0 days 00:00:22.080571,10,0.8,10,500,5,COMPLETE
314,2419.96540335954,2023-01-31 03:53:27.326486,2023-01-31 03:53:49.211321,0 days 00:00:21.884835,10,0.8,10,500,5,COMPLETE
312,2419.96540335954,2023-01-31 03:52:27.580859,2023-01-31 03:52:50.771063,0 days 00:00:23.190204,10,0.8,10,500,5,COMPLETE
311,2419.96540335954,2023-01-31 03:52:01.284903,2023-01-31 03:52:22.805753,0 days 00:00:21.520850,10,0.8,10,500,5,COMPLETE
310,2419.96540335954,2023-01-31 03:51:35.109876,2023-01-31 03:51:57.129887,0 days 00:00:22.020011,10,0.8,10,500,5,COMPLETE
309,2419.96540335954,2023-01-31 03:50:55.918928,2023-01-31 03:51:30.787596,0 days 00:00:34.868668,10,0.8,10,500,5,COMPLETE
307,2419.96540335954,2023-01-31 03:50:04.384768,2023-01-31 03:50:25.542559,0 days 00:00:21.157791,10,0.8,10,500,5,COMPLETE
306,2419.96540335954,2023-01-31 03:49:38.056678,2023-01-31 03:49:59.505254,0 days 00:00:21.448576,10,0.8,10,500,20,COMPLETE
305,2419.96540335954,2023-01-31 03:49:11.463253,2023-01-31 03:49:33.828938,0 days 00:00:22.365685,10,0.8,10,500,5,COMPLETE
304,2419.96540335954,2023-01-31 03:48:39.098852,2023-01-31 03:49:04.655248,0 days 00:00:25.556396,10,0.8,10,500,5,COMPLETE
303,2419.96540335954,2023-01-31 03:48:12.827511,2023-01-31 03:48:34.426050,0 days 00:00:21.598539,10,0.8,10,500,5,COMPLETE
316,2419.96540335954,2023-01-31 03:54:21.333710,2023-01-31 03:54:42.833521,0 days 00:00:21.499811,10,0.8,10,500,5,COMPLETE
302,2419.96540335954,2023-01-31 03:47:42.243453,2023-01-31 03:48:06.429891,0 days 00:00:24.186438,10,0.8,10,500,5,COMPLETE
299,2419.96540335954,2023-01-31 03:46:03.227328,2023-01-31 03:46:26.031147,0 days 00:00:22.803819,10,0.8,10,500,5,COMPLETE
297,2419.96540335954,2023-01-31 03:45:05.022853,2023-01-31 03:45:26.555592,0 days 00:00:21.532739,10,0.8,10,500,20,COMPLETE
296,2419.96540335954,2023-01-31 03:44:35.111826,2023-01-31 03:44:59.004706,0 days 00:00:23.892880,10,0.8,10,500,5,COMPLETE
295,2419.96540335954,2023-01-31 03:44:06.440861,2023-01-31 03:44:28.833113,0 days 00:00:22.392252,10,0.8,10,500,5,COMPLETE
292,2419.96540335954,2023-01-31 03:42:36.339784,2023-01-31 03:42:59.356411,0 days 00:00:23.016627,10,0.8,10,500,5,COMPLETE
291,2419.96540335954,2023-01-31 03:42:09.933534,2023-01-31 03:42:32.172811,0 days 00:00:22.239277,10,0.8,10,500,5,COMPLETE
289,2419.96540335954,2023-01-31 03:41:09.659749,2023-01-31 03:41:32.414596,0 days 00:00:22.754847,10,0.8,10,500,5,COMPLETE
288,2419.96540335954,2023-01-31 03:40:41.320432,2023-01-31 03:41:03.576485,0 days 00:00:22.256053,10,0.8,10,500,5,COMPLETE
286,2419.96540335954,2023-01-31 03:39:31.192675,2023-01-31 03:40:03.722083,0 days 00:00:32.529408,10,0.8,10,500,10,COMPLETE
285,2419.96540335954,2023-01-31 03:39:00.905598,2023-01-31 03:39:24.619875,0 days 00:00:23.714277,10,0.8,10,500,5,COMPLETE
300,2419.96540335954,2023-01-31 03:46:30.423753,2023-01-31 03:47:05.102351,0 days 00:00:34.678598,10,0.8,10,500,5,COMPLETE
357,2419.96540335954,2023-01-31 04:13:57.006226,2023-01-31 04:14:19.198667,0 days 00:00:22.192441,10,0.8,10,500,5,COMPLETE
375,2419.96540335954,2023-01-31 04:22:53.976635,2023-01-31 04:23:15.772230,0 days 00:00:21.795595,10,0.8,10,500,5,COMPLETE
359,2419.96540335954,2023-01-31 04:14:49.941212,2023-01-31 04:15:11.521768,0 days 00:00:21.580556,10,0.8,10,500,5,COMPLETE
462,2419.96540335954,2023-01-31 05:03:55.371956,2023-01-31 05:04:26.973827,0 days 00:00:31.601871,10,0.8,10,500,5,COMPLETE
461,2419.96540335954,2023-01-31 05:03:29.102067,2023-01-31 05:03:50.522502,0 days 00:00:21.420435,10,0.8,10,500,5,COMPLETE
460,2419.96540335954,2023-01-31 05:03:02.602499,2023-01-31 05:03:24.734149,0 days 00:00:22.131650,10,0.8,10,500,5,COMPLETE
459,2419.96540335954,2023-01-31 05:02:34.127900,2023-01-31 05:02:56.495982,0 days 00:00:22.368082,10,0.8,10,500,20,COMPLETE
458,2419.96540335954,2023-01-31 05:01:58.823480,2023-01-31 05:02:27.810020,0 days 00:00:28.986540,10,0.8,10,500,5,COMPLETE
457,2419.96540335954,2023-01-31 05:01:33.551591,2023-01-31 05:01:54.783547,0 days 00:00:21.231956,10,0.8,10,500,15,COMPLETE
456,2419.96540335954,2023-01-31 05:01:06.804216,2023-01-31 05:01:28.541094,0 days 00:00:21.736878,10,0.8,10,500,5,COMPLETE
455,2419.96540335954,2023-01-31 05:00:40.489611,2023-01-31 05:01:02.027384,0 days 00:00:21.537773,10,0.8,10,500,5,COMPLETE
454,2419.96540335954,2023-01-31 05:00:14.392976,2023-01-31 05:00:36.288943,0 days 00:00:21.895967,10,0.8,10,500,5,COMPLETE
453,2419.96540335954,2023-01-31 04:59:37.270538,2023-01-31 05:00:09.331403,0 days 00:00:32.060865,10,0.8,10,500,5,COMPLETE
451,2419.96540335954,2023-01-31 04:58:46.797044,2023-01-31 04:59:07.710379,0 days 00:00:20.913335,10,0.8,10,500,5,COMPLETE
449,2419.96540335954,2023-01-31 04:57:52.211127,2023-01-31 04:58:16.092167,0 days 00:00:23.881040,10,0.8,10,500,5,COMPLETE
448,2419.96540335954,2023-01-31 04:57:24.843779,2023-01-31 04:57:47.653492,0 days 00:00:22.809713,10,0.8,10,500,20,COMPLETE
447,2419.96540335954,2023-01-31 04:56:55.896592,2023-01-31 04:57:17.387136,0 days 00:00:21.490544,10,0.8,10,500,5,COMPLETE
445,2419.96540335954,2023-01-31 04:56:00.904931,2023-01-31 04:56:21.982937,0 days 00:00:21.078006,10,0.8,10,500,5,COMPLETE
441,2419.96540335954,2023-01-31 04:54:15.957069,2023-01-31 04:54:37.675207,0 days 00:00:21.718138,10,0.8,10,500,5,COMPLETE
438,2419.96540335954,2023-01-31 04:52:52.560726,2023-01-31 04:53:13.871282,0 days 00:00:21.310556,10,0.8,10,500,5,COMPLETE
437,2419.96540335954,2023-01-31 04:52:27.230557,2023-01-31 04:52:48.354833,0 days 00:00:21.124276,10,0.8,10,500,5,COMPLETE
436,2419.96540335954,2023-01-31 04:52:01.598016,2023-01-31 04:52:22.818403,0 days 00:00:21.220387,10,0.8,10,500,5,COMPLETE
435,2419.96540335954,2023-01-31 04:51:30.936371,2023-01-31 04:51:54.750521,0 days 00:00:23.814150,10,0.8,10,500,10,COMPLETE
434,2419.96540335954,2023-01-31 04:51:05.341880,2023-01-31 04:51:26.157275,0 days 00:00:20.815395,10,0.8,10,500,15,COMPLETE
433,2419.96540335954,2023-01-31 04:50:36.957737,2023-01-31 04:50:58.798400,0 days 00:00:21.840663,10,0.8,20,500,20,COMPLETE
432,2419.96540335954,2023-01-31 04:50:09.892602,2023-01-31 04:50:32.191713,0 days 00:00:22.299111,10,0.8,10,500,20,COMPLETE
463,2419.96540335954,2023-01-31 05:04:31.765841,2023-01-31 05:04:53.286382,0 days 00:00:21.520541,10,0.8,10,500,5,COMPLETE
464,2419.96540335954,2023-01-31 05:04:57.915893,2023-01-31 05:05:18.970383,0 days 00:00:21.054490,10,0.8,10,500,5,COMPLETE
465,2419.96540335954,2023-01-31 05:05:23.157040,2023-01-31 05:05:44.665704,0 days 00:00:21.508664,10,0.8,10,500,20,COMPLETE
466,2419.96540335954,2023-01-31 05:05:49.312205,2023-01-31 05:06:10.439251,0 days 00:00:21.127046,10,0.8,10,500,5,COMPLETE
497,2419.96540335954,2023-01-31 05:20:33.353975,2023-01-31 05:20:53.970648,0 days 00:00:20.616673,10,0.8,10,500,5,COMPLETE
495,2419.96540335954,2023-01-31 05:19:36.168528,2023-01-31 05:19:58.491512,0 days 00:00:22.322984,10,0.8,10,500,5,COMPLETE
494,2419.96540335954,2023-01-31 05:19:10.840601,2023-01-31 05:19:31.658458,0 days 00:00:20.817857,10,0.8,10,500,5,COMPLETE
493,2419.96540335954,2023-01-31 05:18:45.348414,2023-01-31 05:19:05.816265,0 days 00:00:20.467851,10,0.8,10,500,5,COMPLETE
492,2419.96540335954,2023-01-31 05:18:18.922598,2023-01-31 05:18:40.451364,0 days 00:00:21.528766,10,0.8,10,500,5,COMPLETE
490,2419.96540335954,2023-01-31 05:17:25.639025,2023-01-31 05:17:47.334759,0 days 00:00:21.695734,10,0.8,10,500,20,COMPLETE
489,2419.96540335954,2023-01-31 05:16:59.294752,2023-01-31 05:17:20.312814,0 days 00:00:21.018062,10,0.8,10,500,5,COMPLETE
488,2419.96540335954,2023-01-31 05:16:33.085513,2023-01-31 05:16:54.509552,0 days 00:00:21.424039,10,0.8,10,500,5,COMPLETE
486,2419.96540335954,2023-01-31 05:15:41.770980,2023-01-31 05:16:02.597024,0 days 00:00:20.826044,10,0.8,10,500,5,COMPLETE
484,2419.96540335954,2023-01-31 05:14:38.262110,2023-01-31 05:15:04.981046,0 days 00:00:26.718936,10,0.8,10,500,5,COMPLETE
483,2419.96540335954,2023-01-31 05:14:11.033564,2023-01-31 05:14:31.718182,0 days 00:00:20.684618,10,0.8,10,500,5,COMPLETE
431,2419.96540335954,2023-01-31 04:49:40.238045,2023-01-31 04:50:04.121497,0 days 00:00:23.883452,10,0.8,10,500,10,COMPLETE
482,2419.96540335954,2023-01-31 05:13:44.790592,2023-01-31 05:14:06.148651,0 days 00:00:21.358059,10,0.8,10,500,20,COMPLETE
480,2419.96540335954,2023-01-31 05:12:50.049965,2023-01-31 05:13:11.505610,0 days 00:00:21.455645,10,0.8,10,500,5,COMPLETE
478,2419.96540335954,2023-01-31 05:11:56.601656,2023-01-31 05:12:18.993381,0 days 00:00:22.391725,10,0.8,10,500,10,COMPLETE
477,2419.96540335954,2023-01-31 05:11:31.342394,2023-01-31 05:11:51.791167,0 days 00:00:20.448773,10,0.8,10,500,5,COMPLETE
476,2419.96540335954,2023-01-31 05:11:04.964020,2023-01-31 05:11:27.393240,0 days 00:00:22.429220,10,0.8,10,500,15,COMPLETE
475,2419.96540335954,2023-01-31 05:10:32.183440,2023-01-31 05:11:00.436455,0 days 00:00:28.253015,10,0.8,10,500,5,COMPLETE
473,2419.96540335954,2023-01-31 05:09:16.699281,2023-01-31 05:09:37.047516,0 days 00:00:20.348235,10,0.8,20,500,20,COMPLETE
471,2419.96540335954,2023-01-31 05:08:17.141919,2023-01-31 05:08:46.698809,0 days 00:00:29.556890,10,0.8,10,500,5,COMPLETE
470,2419.96540335954,2023-01-31 05:07:36.848860,2023-01-31 05:08:12.627067,0 days 00:00:35.778207,10,0.8,10,500,5,COMPLETE
469,2419.96540335954,2023-01-31 05:07:09.213252,2023-01-31 05:07:31.006806,0 days 00:00:21.793554,10,0.8,10,500,5,COMPLETE
468,2419.96540335954,2023-01-31 05:06:42.695172,2023-01-31 05:07:04.915843,0 days 00:00:22.220671,10,0.8,10,500,5,COMPLETE
467,2419.96540335954,2023-01-31 05:06:14.467529,2023-01-31 05:06:38.244576,0 days 00:00:23.777047,10,0.8,10,500,5,COMPLETE
481,2419.96540335954,2023-01-31 05:13:16.410222,2023-01-31 05:13:38.080225,0 days 00:00:21.670003,10,0.8,10,500,5,COMPLETE
429,2419.96540335954,2023-01-31 04:48:34.033845,2023-01-31 04:48:55.787919,0 days 00:00:21.754074,10,0.8,10,500,15,COMPLETE
427,2419.96540335954,2023-01-31 04:47:41.418929,2023-01-31 04:48:02.829125,0 days 00:00:21.410196,10,0.8,10,500,20,COMPLETE
425,2419.96540335954,2023-01-31 04:46:36.227787,2023-01-31 04:47:07.045518,0 days 00:00:30.817731,10,0.8,10,500,15,COMPLETE
390,2419.96540335954,2023-01-31 04:30:10.209803,2023-01-31 04:30:33.292656,0 days 00:00:23.082853,10,0.8,10,500,5,COMPLETE
389,2419.96540335954,2023-01-31 04:29:44.964059,2023-01-31 04:30:06.023501,0 days 00:00:21.059442,10,0.8,10,500,5,COMPLETE
388,2419.96540335954,2023-01-31 04:29:18.547746,2023-01-31 04:29:40.165246,0 days 00:00:21.617500,10,0.8,10,500,5,COMPLETE
387,2419.96540335954,2023-01-31 04:28:52.259059,2023-01-31 04:29:13.961799,0 days 00:00:21.702740,10,0.8,10,500,5,COMPLETE
386,2419.96540335954,2023-01-31 04:28:26.689769,2023-01-31 04:28:47.643187,0 days 00:00:20.953418,10,0.8,10,500,5,COMPLETE
385,2419.96540335954,2023-01-31 04:27:59.135944,2023-01-31 04:28:21.947013,0 days 00:00:22.811069,10,0.8,10,500,5,COMPLETE
383,2419.96540335954,2023-01-31 04:27:01.171826,2023-01-31 04:27:23.305355,0 days 00:00:22.133529,10,0.8,10,500,5,COMPLETE
382,2419.96540335954,2023-01-31 04:26:34.773371,2023-01-31 04:26:56.562778,0 days 00:00:21.789407,10,0.8,10,500,5,COMPLETE
380,2419.96540335954,2023-01-31 04:25:22.481228,2023-01-31 04:25:44.675937,0 days 00:00:22.194709,10,0.8,10,500,5,COMPLETE
379,2419.96540335954,2023-01-31 04:24:55.277468,2023-01-31 04:25:17.904026,0 days 00:00:22.626558,10,0.8,10,500,5,COMPLETE
378,2419.96540335954,2023-01-31 04:24:28.845765,2023-01-31 04:24:50.470537,0 days 00:00:21.624772,10,0.8,10,500,10,COMPLETE
391,2419.96540335954,2023-01-31 04:30:37.637268,2023-01-31 04:31:00.015272,0 days 00:00:22.378004,10,0.8,10,500,5,COMPLETE
377,2419.96540335954,2023-01-31 04:24:02.608481,2023-01-31 04:24:24.084198,0 days 00:00:21.475717,10,0.8,10,500,5,COMPLETE
374,2419.96540335954,2023-01-31 04:22:26.782832,2023-01-31 04:22:47.227043,0 days 00:00:20.444211,10,0.8,10,500,5,COMPLETE
373,2419.96540335954,2023-01-31 04:21:45.420763,2023-01-31 04:22:22.302725,0 days 00:00:36.881962,10,0.8,10,500,5,COMPLETE
372,2419.96540335954,2023-01-31 04:21:10.973391,2023-01-31 04:21:39.278863,0 days 00:00:28.305472,10,0.8,10,500,5,COMPLETE
369,2419.96540335954,2023-01-31 04:19:51.608433,2023-01-31 04:20:14.095715,0 days 00:00:22.487282,10,0.8,10,500,5,COMPLETE
368,2419.96540335954,2023-01-31 04:19:23.630678,2023-01-31 04:19:46.696665,0 days 00:00:23.065987,10,0.8,10,500,5,COMPLETE
367,2419.96540335954,2023-01-31 04:18:51.992323,2023-01-31 04:19:19.530907,0 days 00:00:27.538584,10,0.8,10,500,5,COMPLETE
365,2419.96540335954,2023-01-31 04:17:55.034289,2023-01-31 04:18:17.703958,0 days 00:00:22.669669,10,0.8,10,500,5,COMPLETE
364,2419.96540335954,2023-01-31 04:17:29.533203,2023-01-31 04:17:50.630205,0 days 00:00:21.097002,10,0.8,10,500,5,COMPLETE
362,2419.96540335954,2023-01-31 04:16:25.999292,2023-01-31 04:16:48.199454,0 days 00:00:22.200162,10,0.8,10,500,5,COMPLETE
361,2419.96540335954,2023-01-31 04:15:56.804329,2023-01-31 04:16:20.781311,0 days 00:00:23.976982,10,0.8,10,500,5,COMPLETE
360,2419.96540335954,2023-01-31 04:15:16.120678,2023-01-31 04:15:52.208831,0 days 00:00:36.088153,10,0.8,10,500,5,COMPLETE
257,2419.96540335954,2023-01-31 03:25:17.485039,2023-01-31 03:25:54.384625,0 days 00:00:36.899586,10,0.8,10,500,5,COMPLETE
358,2419.96540335954,2023-01-31 04:14:23.763809,2023-01-31 04:14:45.530039,0 days 00:00:21.766230,10,0.8,20,500,5,COMPLETE
392,2419.96540335954,2023-01-31 04:31:04.763378,2023-01-31 04:31:26.971389,0 days 00:00:22.208011,10,0.8,10,500,5,COMPLETE
395,2419.96540335954,2023-01-31 04:32:25.075141,2023-01-31 04:32:46.287012,0 days 00:00:21.211871,10,0.8,20,500,5,COMPLETE
424,2419.96540335954,2023-01-31 04:46:09.001644,2023-01-31 04:46:31.443582,0 days 00:00:22.441938,10,0.8,10,500,20,COMPLETE
422,2419.96540335954,2023-01-31 04:45:15.261138,2023-01-31 04:45:38.904906,0 days 00:00:23.643768,10,0.8,10,500,5,COMPLETE
421,2419.96540335954,2023-01-31 04:44:48.424819,2023-01-31 04:45:10.765511,0 days 00:00:22.340692,10,0.8,10,500,10,COMPLETE
420,2419.96540335954,2023-01-31 04:44:22.897976,2023-01-31 04:44:43.755087,0 days 00:00:20.857111,10,0.8,10,500,5,COMPLETE
419,2419.96540335954,2023-01-31 04:43:57.408255,2023-01-31 04:44:18.515694,0 days 00:00:21.107439,10,0.8,10,500,5,COMPLETE
416,2419.96540335954,2023-01-31 04:42:25.010358,2023-01-31 04:42:51.893209,0 days 00:00:26.882851,10,0.8,10,500,5,COMPLETE
415,2419.96540335954,2023-01-31 04:41:59.643636,2023-01-31 04:42:20.915772,0 days 00:00:21.272136,10,0.8,10,500,20,COMPLETE
414,2419.96540335954,2023-01-31 04:41:34.576228,2023-01-31 04:41:55.497900,0 days 00:00:20.921672,10,0.8,10,500,5,COMPLETE
413,2419.96540335954,2023-01-31 04:41:08.513985,2023-01-31 04:41:30.489354,0 days 00:00:21.975369,10,0.8,10,500,5,COMPLETE
412,2419.96540335954,2023-01-31 04:40:43.201917,2023-01-31 04:41:04.144857,0 days 00:00:20.942940,10,0.8,10,500,5,COMPLETE
411,2419.96540335954,2023-01-31 04:40:07.843407,2023-01-31 04:40:35.910685,0 days 00:00:28.067278,10,0.8,10,500,5,COMPLETE
393,2419.96540335954,2023-01-31 04:31:31.176846,2023-01-31 04:31:52.848479,0 days 00:00:21.671633,10,0.8,10,500,5,COMPLETE
410,2419.96540335954,2023-01-31 04:39:42.382859,2023-01-31 04:40:03.012980,0 days 00:00:20.630121,10,0.8,10,500,5,COMPLETE
408,2419.96540335954,2023-01-31 04:38:50.655287,2023-01-31 04:39:12.810740,0 days 00:00:22.155453,10,0.8,10,500,5,COMPLETE
407,2419.96540335954,2023-01-31 04:38:22.773937,2023-01-31 04:38:44.667460,0 days 00:00:21.893523,10,0.8,10,500,5,COMPLETE
406,2419.96540335954,2023-01-31 04:37:54.549367,2023-01-31 04:38:16.867402,0 days 00:00:22.318035,10,0.8,10,500,5,COMPLETE
405,2419.96540335954,2023-01-31 04:37:26.052992,2023-01-31 04:37:48.088092,0 days 00:00:22.035100,10,0.8,10,500,15,COMPLETE
404,2419.96540335954,2023-01-31 04:36:58.740104,2023-01-31 04:37:21.777747,0 days 00:00:23.037643,10,0.8,10,500,20,COMPLETE
403,2419.96540335954,2023-01-31 04:36:33.485524,2023-01-31 04:36:54.326821,0 days 00:00:20.841297,10,0.8,10,500,5,COMPLETE
400,2419.96540335954,2023-01-31 04:35:12.081303,2023-01-31 04:35:34.430106,0 days 00:00:22.348803,10,0.8,10,500,5,COMPLETE
399,2419.96540335954,2023-01-31 04:34:45.865985,2023-01-31 04:35:07.488211,0 days 00:00:21.622226,10,0.8,10,500,5,COMPLETE
398,2419.96540335954,2023-01-31 04:34:03.474651,2023-01-31 04:34:41.350623,0 days 00:00:37.875972,10,0.8,10,500,5,COMPLETE
397,2419.96540335954,2023-01-31 04:33:32.628063,2023-01-31 04:33:59.262055,0 days 00:00:26.633992,10,0.8,10,500,10,COMPLETE
396,2419.96540335954,2023-01-31 04:32:50.236762,2023-01-31 04:33:27.655787,0 days 00:00:37.419025,10,0.8,10,500,5,COMPLETE
409,2419.96540335954,2023-01-31 04:39:17.180193,2023-01-31 04:39:38.238366,0 days 00:00:21.058173,10,0.8,10,500,5,COMPLETE
256,2419.96540335954,2023-01-31 03:24:50.947095,2023-01-31 03:25:13.060898,0 days 00:00:22.113803,10,0.8,10,500,5,COMPLETE
499,2419.96540335954,2023-01-31 05:21:25.650006,2023-01-31 05:21:46.766284,0 days 00:00:21.116278,10,0.8,10,500,5,COMPLETE
254,2419.96540335954,2023-01-31 03:23:57.820775,2023-01-31 03:24:19.704944,0 days 00:00:21.884169,10,0.8,10,500,5,COMPLETE
113,2419.96540335954,2023-01-31 02:13:57.504901,2023-01-31 02:14:24.456948,0 days 00:00:26.952047,10,0.8,10,500,20,COMPLETE
112,2419.96540335954,2023-01-31 02:13:30.579094,2023-01-31 02:13:51.107329,0 days 00:00:20.528235,10,0.8,10,500,20,COMPLETE
111,2419.96540335954,2023-01-31 02:12:47.521022,2023-01-31 02:13:26.592992,0 days 00:00:39.071970,10,0.8,10,500,20,COMPLETE
110,2419.96540335954,2023-01-31 02:12:21.315823,2023-01-31 02:12:43.370425,0 days 00:00:22.054602,10,0.8,10,500,20,COMPLETE
108,2419.96540335954,2023-01-31 02:11:28.322205,2023-01-31 02:11:49.261007,0 days 00:00:20.938802,10,0.8,10,500,5,COMPLETE
107,2419.96540335954,2023-01-31 02:10:59.911761,2023-01-31 02:11:21.773775,0 days 00:00:21.862014,10,0.8,10,500,5,COMPLETE
106,2419.96540335954,2023-01-31 02:10:25.508512,2023-01-31 02:10:49.427857,0 days 00:00:23.919345,10,0.8,10,500,5,COMPLETE
105,2419.96540335954,2023-01-31 02:09:55.995850,2023-01-31 02:10:17.178331,0 days 00:00:21.182481,10,0.8,10,500,5,COMPLETE
104,2419.96540335954,2023-01-31 02:09:23.299795,2023-01-31 02:09:51.768298,0 days 00:00:28.468503,10,0.8,10,500,5,COMPLETE
115,2419.96540335954,2023-01-31 02:14:59.263680,2023-01-31 02:15:30.486122,0 days 00:00:31.222442,10,0.8,10,500,20,COMPLETE
102,2419.96540335954,2023-01-31 02:08:10.718035,2023-01-31 02:08:38.686732,0 days 00:00:27.968697,10,0.8,10,500,5,COMPLETE
100,2419.96540335954,2023-01-31 02:07:13.881078,2023-01-31 02:07:34.951951,0 days 00:00:21.070873,10,0.8,10,500,5,COMPLETE
97,2419.96540335954,2023-01-31 02:05:47.306505,2023-01-31 02:06:07.936387,0 days 00:00:20.629882,10,0.8,10,500,5,COMPLETE
96,2419.96540335954,2023-01-31 02:05:22.073437,2023-01-31 02:05:42.825747,0 days 00:00:20.752310,10,0.8,10,500,5,COMPLETE
95,2419.96540335954,2023-01-31 02:04:56.601263,2023-01-31 02:05:17.609292,0 days 00:00:21.008029,10,0.8,10,500,5,COMPLETE
94,2419.96540335954,2023-01-31 02:04:31.263315,2023-01-31 02:04:52.034191,0 days 00:00:20.770876,10,0.8,10,500,5,COMPLETE
93,2419.96540335954,2023-01-31 02:03:58.410402,2023-01-31 02:04:26.373688,0 days 00:00:27.963286,10,0.8,10,500,5,COMPLETE
92,2419.96540335954,2023-01-31 02:03:32.138183,2023-01-31 02:03:54.321360,0 days 00:00:22.183177,10,0.8,10,500,5,COMPLETE
91,2419.96540335954,2023-01-31 02:03:05.380757,2023-01-31 02:03:27.205428,0 days 00:00:21.824671,10,0.8,10,500,5,COMPLETE
89,2419.96540335954,2023-01-31 02:02:09.430426,2023-01-31 02:02:31.038812,0 days 00:00:21.608386,10,0.8,10,500,15,COMPLETE
101,2419.96540335954,2023-01-31 02:07:39.322929,2023-01-31 02:08:03.938015,0 days 00:00:24.615086,10,0.8,10,500,5,COMPLETE
117,2419.96540335954,2023-01-31 02:16:01.092738,2023-01-31 02:16:22.297534,0 days 00:00:21.204796,10,0.8,10,500,5,COMPLETE
118,2419.96540335954,2023-01-31 02:16:29.007386,2023-01-31 02:16:49.972818,0 days 00:00:20.965432,10,0.8,10,500,15,COMPLETE
119,2419.96540335954,2023-01-31 02:16:56.372676,2023-01-31 02:17:17.800689,0 days 00:00:21.428013,10,0.8,10,500,5,COMPLETE
145,2419.96540335954,2023-01-31 02:29:58.341386,2023-01-31 02:30:31.233373,0 days 00:00:32.891987,10,0.8,10,500,5,COMPLETE
144,2419.96540335954,2023-01-31 02:29:30.456856,2023-01-31 02:29:51.813353,0 days 00:00:21.356497,10,0.8,10,500,5,COMPLETE
142,2419.96540335954,2023-01-31 02:28:14.754382,2023-01-31 02:28:35.915444,0 days 00:00:21.161062,10,0.8,10,500,5,COMPLETE
141,2419.96540335954,2023-01-31 02:27:47.395221,2023-01-31 02:28:08.573772,0 days 00:00:21.178551,10,0.8,10,500,5,COMPLETE
140,2419.96540335954,2023-01-31 02:27:15.281127,2023-01-31 02:27:43.200896,0 days 00:00:27.919769,10,0.8,10,500,20,COMPLETE
139,2419.96540335954,2023-01-31 02:26:48.930841,2023-01-31 02:27:10.857525,0 days 00:00:21.926684,10,0.8,10,500,5,COMPLETE
137,2419.96540335954,2023-01-31 02:25:56.773516,2023-01-31 02:26:18.860804,0 days 00:00:22.087288,10,0.8,10,500,5,COMPLETE
136,2419.96540335954,2023-01-31 02:25:31.545919,2023-01-31 02:25:52.512191,0 days 00:00:20.966272,10,0.8,10,500,5,COMPLETE
135,2419.96540335954,2023-01-31 02:24:58.091792,2023-01-31 02:25:27.013742,0 days 00:00:28.921950,10,0.8,10,500,5,COMPLETE
134,2419.96540335954,2023-01-31 02:24:30.762590,2023-01-31 02:24:53.362741,0 days 00:00:22.600151,10,0.8,10,500,5,COMPLETE
133,2419.96540335954,2023-01-31 02:24:03.406952,2023-01-31 02:24:26.489125,0 days 00:00:23.082173,10,0.8,10,500,5,COMPLETE
131,2419.96540335954,2023-01-31 02:23:05.709381,2023-01-31 02:23:30.285945,0 days 00:00:24.576564,10,0.8,10,500,5,COMPLETE
130,2419.96540335954,2023-01-31 02:22:33.557548,2023-01-31 02:23:01.564575,0 days 00:00:28.007027,10,0.8,10,500,10,COMPLETE
129,2419.96540335954,2023-01-31 02:22:03.769537,2023-01-31 02:22:26.453725,0 days 00:00:22.684188,10,0.8,10,500,5,COMPLETE
128,2419.96540335954,2023-01-31 02:21:12.616015,2023-01-31 02:21:51.683763,0 days 00:00:39.067748,10,0.8,10,500,20,COMPLETE
127,2419.96540335954,2023-01-31 02:20:41.623359,2023-01-31 02:21:03.659963,0 days 00:00:22.036604,10,0.8,10,500,5,COMPLETE
126,2419.96540335954,2023-01-31 02:20:15.247240,2023-01-31 02:20:36.777989,0 days 00:00:21.530749,10,0.8,10,500,20,COMPLETE
124,2419.96540335954,2023-01-31 02:19:20.512724,2023-01-31 02:19:42.018811,0 days 00:00:21.506087,10,0.8,10,500,20,COMPLETE
123,2419.96540335954,2023-01-31 02:18:46.604254,2023-01-31 02:19:16.204260,0 days 00:00:29.600006,10,0.8,10,500,20,COMPLETE
122,2419.96540335954,2023-01-31 02:18:19.034478,2023-01-31 02:18:40.161870,0 days 00:00:21.127392,10,0.8,10,500,20,COMPLETE
121,2419.96540335954,2023-01-31 02:17:49.865515,2023-01-31 02:18:14.609927,0 days 00:00:24.744412,10,0.8,10,500,20,COMPLETE
88,2419.96540335954,2023-01-31 02:01:37.130586,2023-01-31 02:02:04.571945,0 days 00:00:27.441359,10,0.8,10,500,5,COMPLETE
87,2419.96540335954,2023-01-31 02:01:01.421796,2023-01-31 02:01:22.458299,0 days 00:00:21.036503,10,0.8,10,500,5,COMPLETE
86,2419.96540335954,2023-01-31 02:00:36.202319,2023-01-31 02:00:57.486707,0 days 00:00:21.284388,10,0.8,10,500,20,COMPLETE
85,2419.96540335954,2023-01-31 02:00:11.536571,2023-01-31 02:00:31.772839,0 days 00:00:20.236268,10,0.8,10,500,15,COMPLETE
51,2419.96540335954,2023-01-31 01:44:03.323802,2023-01-31 01:44:24.474263,0 days 00:00:21.150461,10,0.8,10,500,5,COMPLETE
50,2419.96540335954,2023-01-31 01:43:38.082285,2023-01-31 01:43:58.836560,0 days 00:00:20.754275,10,0.8,10,500,5,COMPLETE
49,2419.96540335954,2023-01-31 01:43:05.331999,2023-01-31 01:43:33.357309,0 days 00:00:28.025310,10,0.8,10,500,5,COMPLETE
47,2419.96540335954,2023-01-31 01:42:08.819614,2023-01-31 01:42:30.764828,0 days 00:00:21.945214,10,0.8,10,500,20,COMPLETE
38,2419.96540335954,2023-01-31 01:37:56.001552,2023-01-31 01:38:17.571863,0 days 00:00:21.570311,10,0.8,10,500,10,COMPLETE
35,2419.96540335954,2023-01-31 01:36:33.233515,2023-01-31 01:36:55.155495,0 days 00:00:21.921980,10,0.8,10,500,5,COMPLETE
34,2419.96540335954,2023-01-31 01:36:07.923843,2023-01-31 01:36:28.583806,0 days 00:00:20.659963,10,0.8,10,500,10,COMPLETE
31,2419.96540335954,2023-01-31 01:34:45.443516,2023-01-31 01:35:06.803739,0 days 00:00:21.360223,10,0.8,10,500,5,COMPLETE
29,2419.96540335954,2023-01-31 01:33:48.529409,2023-01-31 01:34:15.569463,0 days 00:00:27.040054,10,0.8,10,500,15,COMPLETE
27,2419.96540335954,2023-01-31 01:32:55.033646,2023-01-31 01:33:16.589332,0 days 00:00:21.555686,10,0.8,10,500,20,COMPLETE
26,2419.96540335954,2023-01-31 01:32:25.259546,2023-01-31 01:32:49.864748,0 days 00:00:24.605202,10,0.8,10,500,5,COMPLETE
24,2419.96540335954,2023-01-31 01:31:31.523400,2023-01-31 01:31:52.348063,0 days 00:00:20.824663,10,0.8,10,500,10,COMPLETE
23,2419.96540335954,2023-01-31 01:31:03.034472,2023-01-31 01:31:24.781468,0 days 00:00:21.746996,10,0.8,10,500,10,COMPLETE
22,2419.96540335954,2023-01-31 01:30:26.149328,2023-01-31 01:30:57.995249,0 days 00:00:31.845921,10,0.8,10,500,10,COMPLETE
19,2419.96540335954,2023-01-31 01:29:05.867203,2023-01-31 01:29:26.574506,0 days 00:00:20.707303,10,0.8,10,500,20,COMPLETE
18,2419.96540335954,2023-01-31 01:28:38.468165,2023-01-31 01:29:00.507718,0 days 00:00:22.039553,10,0.8,10,500,20,COMPLETE
14,2419.96540335954,2023-01-31 01:26:41.908456,2023-01-31 01:27:03.626805,0 days 00:00:21.718349,10,0.8,10,500,5,COMPLETE
13,2419.96540335954,2023-01-31 01:26:15.478097,2023-01-31 01:26:37.751199,0 days 00:00:22.273102,10,0.8,10,500,10,COMPLETE
12,2419.96540335954,2023-01-31 01:25:41.820691,2023-01-31 01:26:10.654203,0 days 00:00:28.833512,10,0.8,10,500,5,COMPLETE
11,2419.96540335954,2023-01-31 01:25:13.261363,2023-01-31 01:25:35.126473,0 days 00:00:21.865110,10,0.8,10,500,5,COMPLETE
10,2419.96540335954,2023-01-31 01:24:47.946333,2023-01-31 01:25:08.971150,0 days 00:00:21.024817,10,0.8,10,500,5,COMPLETE
52,2419.96540335954,2023-01-31 01:44:28.864020,2023-01-31 01:44:49.175195,0 days 00:00:20.311175,10,0.8,10,500,5,COMPLETE
147,2419.96540335954,2023-01-31 02:31:01.763988,2023-01-31 02:31:24.447126,0 days 00:00:22.683138,10,0.8,10,500,5,COMPLETE
54,2419.96540335954,2023-01-31 01:45:39.828379,2023-01-31 01:46:02.216209,0 days 00:00:22.387830,10,0.8,10,500,5,COMPLETE
56,2419.96540335954,2023-01-31 01:46:39.412848,2023-01-31 01:47:00.601695,0 days 00:00:21.188847,10,0.8,10,500,5,COMPLETE
84,2419.96540335954,2023-01-31 01:59:45.700172,2023-01-31 02:00:07.423594,0 days 00:00:21.723422,10,0.8,10,500,5,COMPLETE
83,2419.96540335954,2023-01-31 01:59:16.937313,2023-01-31 01:59:39.125294,0 days 00:00:22.187981,10,0.8,10,500,20,COMPLETE
81,2419.96540335954,2023-01-31 01:58:24.100659,2023-01-31 01:58:44.673342,0 days 00:00:20.572683,10,0.8,10,500,5,COMPLETE
80,2419.96540335954,2023-01-31 01:57:58.241857,2023-01-31 01:58:19.054499,0 days 00:00:20.812642,10,0.8,10,500,20,COMPLETE
79,2419.96540335954,2023-01-31 01:57:22.837106,2023-01-31 01:57:49.139701,0 days 00:00:26.302595,10,0.8,10,500,20,COMPLETE
78,2419.96540335954,2023-01-31 01:56:57.294173,2023-01-31 01:57:17.899663,0 days 00:00:20.605490,10,0.8,10,500,20,COMPLETE
77,2419.96540335954,2023-01-31 01:56:28.040813,2023-01-31 01:56:48.562854,0 days 00:00:20.522041,10,0.8,10,500,20,COMPLETE
76,2419.96540335954,2023-01-31 01:56:02.437542,2023-01-31 01:56:23.174228,0 days 00:00:20.736686,10,0.8,10,500,20,COMPLETE
75,2419.96540335954,2023-01-31 01:55:36.358536,2023-01-31 01:55:57.506053,0 days 00:00:21.147517,10,0.8,10,500,20,COMPLETE
74,2419.96540335954,2023-01-31 01:55:10.877514,2023-01-31 01:55:32.039518,0 days 00:00:21.162004,10,0.8,10,500,20,COMPLETE
72,2419.96540335954,2023-01-31 01:54:17.194493,2023-01-31 01:54:38.980748,0 days 00:00:21.786255,10,0.8,10,500,20,COMPLETE
69,2419.96540335954,2023-01-31 01:52:38.902217,2023-01-31 01:53:00.753551,0 days 00:00:21.851334,10,0.8,10,500,5,COMPLETE
68,2419.96540335954,2023-01-31 01:52:13.632815,2023-01-31 01:52:34.664797,0 days 00:00:21.031982,10,0.8,10,500,5,COMPLETE
67,2419.96540335954,2023-01-31 01:51:46.175032,2023-01-31 01:52:07.401271,0 days 00:00:21.226239,10,0.8,10,500,10,COMPLETE
66,2419.96540335954,2023-01-31 01:51:11.965224,2023-01-31 01:51:41.694450,0 days 00:00:29.729226,10,0.8,10,500,5,COMPLETE
65,2419.96540335954,2023-01-31 01:50:44.554843,2023-01-31 01:51:05.270865,0 days 00:00:20.716022,10,0.8,10,500,5,COMPLETE
64,2419.96540335954,2023-01-31 01:50:16.993609,2023-01-31 01:50:38.172617,0 days 00:00:21.179008,10,0.8,10,500,5,COMPLETE
63,2419.96540335954,2023-01-31 01:49:49.710054,2023-01-31 01:50:12.296602,0 days 00:00:22.586548,10,0.8,10,500,5,COMPLETE
62,2419.96540335954,2023-01-31 01:49:23.457721,2023-01-31 01:49:45.541914,0 days 00:00:22.084193,10,0.8,10,500,5,COMPLETE
58,2419.96540335954,2023-01-31 01:47:30.189085,2023-01-31 01:47:50.613298,0 days 00:00:20.424213,10,0.8,10,500,10,COMPLETE
57,2419.96540335954,2023-01-31 01:47:04.801633,2023-01-31 01:47:25.503561,0 days 00:00:20.701928,10,0.8,10,500,5,COMPLETE
55,2419.96540335954,2023-01-31 01:46:06.111794,2023-01-31 01:46:35.448970,0 days 00:00:29.337176,10,0.8,10,500,5,COMPLETE
148,2419.96540335954,2023-01-31 02:31:31.331463,2023-01-31 02:31:52.715666,0 days 00:00:21.384203,10,0.8,10,500,5,COMPLETE
125,2419.96540335954,2023-01-31 02:19:46.791821,2023-01-31 02:20:08.764335,0 days 00:00:21.972514,10,0.8,10,500,20,COMPLETE
150,2419.96540335954,2023-01-31 02:32:26.701191,2023-01-31 02:32:47.423391,0 days 00:00:20.722200,10,0.8,10,500,15,COMPLETE
210,2419.96540335954,2023-01-31 03:02:36.566067,2023-01-31 03:03:00.763131,0 days 00:00:24.197064,10,0.8,10,500,5,COMPLETE
209,2419.96540335954,2023-01-31 03:02:07.752323,2023-01-31 03:02:32.144021,0 days 00:00:24.391698,10,0.8,10,500,5,COMPLETE
208,2419.96540335954,2023-01-31 03:01:35.515882,2023-01-31 03:02:02.809793,0 days 00:00:27.293911,10,0.8,10,500,5,COMPLETE
207,2419.96540335954,2023-01-31 03:01:01.051653,2023-01-31 03:01:30.922863,0 days 00:00:29.871210,10,0.8,10,500,5,COMPLETE
206,2419.96540335954,2023-01-31 03:00:34.716679,2023-01-31 03:00:56.131228,0 days 00:00:21.414549,10,0.8,10,500,5,COMPLETE
203,2419.96540335954,2023-01-31 02:59:09.741104,2023-01-31 02:59:30.772532,0 days 00:00:21.031428,10,0.8,10,500,5,COMPLETE
202,2419.96540335954,2023-01-31 02:58:44.299535,2023-01-31 02:59:05.474750,0 days 00:00:21.175215,10,0.8,10,500,5,COMPLETE
201,2419.96540335954,2023-01-31 02:58:17.914555,2023-01-31 02:58:39.374409,0 days 00:00:21.459854,10,0.8,10,500,5,COMPLETE
200,2419.96540335954,2023-01-31 02:57:51.565949,2023-01-31 02:58:12.781625,0 days 00:00:21.215676,10,0.8,10,500,5,COMPLETE
199,2419.96540335954,2023-01-31 02:57:14.643032,2023-01-31 02:57:44.939496,0 days 00:00:30.296464,10,0.8,10,500,5,COMPLETE
198,2419.96540335954,2023-01-31 02:56:49.452095,2023-01-31 02:57:09.810764,0 days 00:00:20.358669,10,0.8,10,500,5,COMPLETE
197,2419.96540335954,2023-01-31 02:56:13.086859,2023-01-31 02:56:42.679093,0 days 00:00:29.592234,10,0.8,10,500,20,COMPLETE
196,2419.96540335954,2023-01-31 02:55:34.980216,2023-01-31 02:56:06.457430,0 days 00:00:31.477214,10,0.8,10,500,5,COMPLETE
195,2419.96540335954,2023-01-31 02:54:57.768480,2023-01-31 02:55:19.126701,0 days 00:00:21.358221,10,0.8,10,500,5,COMPLETE
194,2419.96540335954,2023-01-31 02:54:18.062989,2023-01-31 02:54:52.591224,0 days 00:00:34.528235,10,0.8,10,500,5,COMPLETE
190,2419.96540335954,2023-01-31 02:52:25.685788,2023-01-31 02:52:47.302794,0 days 00:00:21.617006,10,0.8,10,500,10,COMPLETE
188,2419.96540335954,2023-01-31 02:51:29.160225,2023-01-31 02:51:52.995809,0 days 00:00:23.835584,10,0.8,10,500,5,COMPLETE
187,2419.96540335954,2023-01-31 02:50:52.845678,2023-01-31 02:51:22.757823,0 days 00:00:29.912145,10,0.8,10,500,20,COMPLETE
245,2419.96540335954,2023-01-31 03:19:24.339374,2023-01-31 03:19:52.542373,0 days 00:00:28.202999,10,0.8,10,500,5,COMPLETE
211,2419.96540335954,2023-01-31 03:03:05.747117,2023-01-31 03:03:26.994539,0 days 00:00:21.247422,10,0.8,10,500,15,COMPLETE
149,2419.96540335954,2023-01-31 02:31:59.619338,2023-01-31 02:32:20.835022,0 days 00:00:21.215684,10,0.8,10,500,20,COMPLETE
212,2419.96540335954,2023-01-31 03:03:31.255941,2023-01-31 03:04:14.302221,0 days 00:00:43.046280,10,0.8,10,500,5,COMPLETE
213,2419.96540335954,2023-01-31 03:04:18.814349,2023-01-31 03:04:40.203398,0 days 00:00:21.389049,10,0.8,10,500,20,COMPLETE
239,2419.96540335954,2023-01-31 03:16:45.017709,2023-01-31 03:17:05.643762,0 days 00:00:20.626053,10,0.8,20,500,5,COMPLETE
235,2419.96540335954,2023-01-31 03:14:52.547248,2023-01-31 03:15:14.690985,0 days 00:00:22.143737,10,0.8,10,500,5,COMPLETE
240,2419.96540335954,2023-01-31 03:17:10.250083,2023-01-31 03:17:31.165371,0 days 00:00:20.915288,10,0.8,10,500,5,COMPLETE
234,2419.96540335954,2023-01-31 03:14:27.213231,2023-01-31 03:14:47.924771,0 days 00:00:20.711540,10,0.8,10,500,5,COMPLETE
233,2419.96540335954,2023-01-31 03:14:02.067702,2023-01-31 03:14:23.187104,0 days 00:00:21.119402,10,0.8,10,500,5,COMPLETE
232,2419.96540335954,2023-01-31 03:13:37.527481,2023-01-31 03:13:57.727244,0 days 00:00:20.199763,10,0.8,10,500,5,COMPLETE
231,2419.96540335954,2023-01-31 03:13:03.343445,2023-01-31 03:13:33.456765,0 days 00:00:30.113320,10,0.8,10,500,5,COMPLETE
230,2419.96540335954,2023-01-31 03:12:37.676315,2023-01-31 03:12:58.832204,0 days 00:00:21.155889,10,0.8,10,500,5,COMPLETE
229,2419.96540335954,2023-01-31 03:11:57.628292,2023-01-31 03:12:33.023286,0 days 00:00:35.394994,10,0.8,10,500,5,COMPLETE
246,2419.96540335954,2023-01-31 03:19:56.590124,2023-01-31 03:20:18.947009,0 days 00:00:22.356885,10,0.8,10,500,5,COMPLETE
226,2419.96540335954,2023-01-31 03:10:31.603908,2023-01-31 03:10:53.377033,0 days 00:00:21.773125,10,0.8,10,500,20,COMPLETE
222,2419.96540335954,2023-01-31 03:08:39.754591,2023-01-31 03:09:11.517987,0 days 00:00:31.763396,10,0.8,10,500,5,COMPLETE
242,2419.96540335954,2023-01-31 03:18:07.000263,2023-01-31 03:18:29.789869,0 days 00:00:22.789606,10,0.8,10,500,5,COMPLETE
221,2419.96540335954,2023-01-31 03:08:02.180839,2023-01-31 03:08:34.791012,0 days 00:00:32.610173,10,0.8,10,500,5,COMPLETE
219,2419.96540335954,2023-01-31 03:07:07.198057,2023-01-31 03:07:31.010101,0 days 00:00:23.812044,10,0.8,10,500,5,COMPLETE
218,2419.96540335954,2023-01-31 03:06:33.837536,2023-01-31 03:07:02.639177,0 days 00:00:28.801641,10,0.8,10,500,5,COMPLETE
217,2419.96540335954,2023-01-31 03:06:07.478513,2023-01-31 03:06:29.618343,0 days 00:00:22.139830,10,0.8,10,500,20,COMPLETE
215,2419.96540335954,2023-01-31 03:05:15.848462,2023-01-31 03:05:36.766562,0 days 00:00:20.918100,10,0.8,10,500,5,COMPLETE
243,2419.96540335954,2023-01-31 03:18:34.613412,2023-01-31 03:18:55.729695,0 days 00:00:21.116283,10,0.8,10,500,5,COMPLETE
214,2419.96540335954,2023-01-31 03:04:45.027106,2023-01-31 03:05:10.507654,0 days 00:00:25.480548,10,0.8,10,500,5,COMPLETE
241,2419.96540335954,2023-01-31 03:17:37.425260,2023-01-31 03:18:03.096872,0 days 00:00:25.671612,10,0.8,10,500,5,COMPLETE
247,2419.96540335954,2023-01-31 03:20:23.860606,2023-01-31 03:20:46.743164,0 days 00:00:22.882558,10,0.8,10,500,20,COMPLETE
191,2419.96540335954,2023-01-31 02:52:52.142616,2023-01-31 02:53:13.973035,0 days 00:00:21.830419,10,0.8,10,500,5,COMPLETE
184,2419.96540335954,2023-01-31 02:49:27.576750,2023-01-31 02:49:56.499543,0 days 00:00:28.922793,10,0.8,10,500,15,COMPLETE
251,2419.96540335954,2023-01-31 03:22:36.646765,2023-01-31 03:22:58.212465,0 days 00:00:21.565700,10,0.8,10,500,5,COMPLETE
252,2419.96540335954,2023-01-31 03:23:04.920284,2023-01-31 03:23:27.082461,0 days 00:00:22.162177,10,0.8,10,500,20,COMPLETE
253,2419.96540335954,2023-01-31 03:23:31.125674,2023-01-31 03:23:53.216609,0 days 00:00:22.090935,10,0.8,10,500,5,COMPLETE
185,2419.96540335954,2023-01-31 02:50:01.889418,2023-01-31 02:50:23.690278,0 days 00:00:21.800860,10,0.8,10,500,5,COMPLETE
168,2419.96540335954,2023-01-31 02:41:26.451247,2023-01-31 02:41:53.929312,0 days 00:00:27.478065,10,0.8,10,500,10,COMPLETE
167,2419.96540335954,2023-01-31 02:40:57.812297,2023-01-31 02:41:19.289606,0 days 00:00:21.477309,10,0.8,10,500,5,COMPLETE
166,2419.96540335954,2023-01-31 02:40:31.693447,2023-01-31 02:40:52.715243,0 days 00:00:21.021796,10,0.8,10,500,20,COMPLETE
165,2419.96540335954,2023-01-31 02:40:04.149315,2023-01-31 02:40:24.898834,0 days 00:00:20.749519,10,0.8,10,500,5,COMPLETE
164,2419.96540335954,2023-01-31 02:39:38.896386,2023-01-31 02:39:59.414542,0 days 00:00:20.518156,10,0.8,10,500,5,COMPLETE
163,2419.96540335954,2023-01-31 02:39:01.990476,2023-01-31 02:39:34.804975,0 days 00:00:32.814499,10,0.8,10,500,20,COMPLETE
161,2419.96540335954,2023-01-31 02:37:55.739808,2023-01-31 02:38:22.920032,0 days 00:00:27.180224,10,0.8,10,500,5,COMPLETE
160,2419.96540335954,2023-01-31 02:37:16.733994,2023-01-31 02:37:49.418867,0 days 00:00:32.684873,10,0.8,10,500,5,COMPLETE
159,2419.96540335954,2023-01-31 02:36:51.377097,2023-01-31 02:37:12.601277,0 days 00:00:21.224180,10,0.8,10,500,5,COMPLETE
158,2419.96540335954,2023-01-31 02:36:19.780587,2023-01-31 02:36:46.145241,0 days 00:00:26.364654,10,0.8,10,500,5,COMPLETE
156,2419.96540335954,2023-01-31 02:35:23.169132,2023-01-31 02:35:44.303839,0 days 00:00:21.134707,10,0.8,10,500,5,COMPLETE
154,2419.96540335954,2023-01-31 02:34:24.393602,2023-01-31 02:34:45.195375,0 days 00:00:20.801773,10,0.8,10,500,5,COMPLETE
153,2419.96540335954,2023-01-31 02:33:51.384078,2023-01-31 02:34:18.975375,0 days 00:00:27.591297,10,0.8,10,500,5,COMPLETE
152,2419.96540335954,2023-01-31 02:33:18.357785,2023-01-31 02:33:41.915791,0 days 00:00:23.558006,10,0.8,10,500,5,COMPLETE
151,2419.96540335954,2023-01-31 02:32:52.078199,2023-01-31 02:33:14.075642,0 days 00:00:21.997443,10,0.8,10,500,5,COMPLETE
171,2419.96540335954,2023-01-31 02:42:50.019117,2023-01-31 02:43:11.297570,0 days 00:00:21.278453,10,0.8,10,500,5,COMPLETE
172,2419.96540335954,2023-01-31 02:43:15.349091,2023-01-31 02:43:35.799370,0 days 00:00:20.450279,10,0.8,10,500,5,COMPLETE
169,2419.96540335954,2023-01-31 02:41:59.017110,2023-01-31 02:42:20.596744,0 days 00:00:21.579634,10,0.8,20,500,5,COMPLETE
250,2419.96540335954,2023-01-31 03:22:11.375268,2023-01-31 03:22:32.375322,0 days 00:00:21.000054,10,0.8,10,500,5,COMPLETE
183,2419.96540335954,2023-01-31 02:48:50.236997,2023-01-31 02:49:22.983525,0 days 00:00:32.746528,10,0.8,10,500,10,COMPLETE
182,2419.96540335954,2023-01-31 02:48:23.988588,2023-01-31 02:48:45.376089,0 days 00:00:21.387501,10,0.8,10,500,10,COMPLETE
181,2419.96540335954,2023-01-31 02:47:57.786114,2023-01-31 02:48:19.186798,0 days 00:00:21.400684,10,0.8,10,500,10,COMPLETE
180,2419.96540335954,2023-01-31 02:47:31.333756,2023-01-31 02:47:52.884198,0 days 00:00:21.550442,10,0.8,10,500,5,COMPLETE
179,2419.96540335954,2023-01-31 02:47:06.114554,2023-01-31 02:47:27.284228,0 days 00:00:21.169674,10,0.8,10,500,5,COMPLETE
177,2419.96540335954,2023-01-31 02:46:00.431912,2023-01-31 02:46:21.916604,0 days 00:00:21.484692,10,0.8,10,500,5,COMPLETE
248,2419.96540335954,2023-01-31 03:20:51.489027,2023-01-31 03:21:35.286310,0 days 00:00:43.797283,10,0.8,10,500,5,COMPLETE
236,2419.96540335954,2023-01-31 03:15:18.830573,2023-01-31 03:15:47.271971,0 days 00:00:28.441398,10,0.8,10,500,20,COMPLETE
174,2419.96540335954,2023-01-31 02:44:17.130194,2023-01-31 02:44:54.069815,0 days 00:00:36.939621,10,0.8,10,500,5,COMPLETE
175,2419.96540335954,2023-01-31 02:45:02.818901,2023-01-31 02:45:24.647789,0 days 00:00:21.828888,10,0.8,10,500,5,COMPLETE
173,2419.96540335954,2023-01-31 02:43:40.457290,2023-01-31 02:44:12.715665,0 days 00:00:32.258375,10,0.8,10,500,5,COMPLETE
176,2419.96540335954,2023-01-31 02:45:31.131659,2023-01-31 02:45:56.229463,0 days 00:00:25.097804,10,0.8,10,500,5,COMPLETE
439,2420.7428252865034,2023-01-31 04:53:18.740008,2023-01-31 04:53:42.353772,0 days 00:00:23.613764,10,0.75,10,500,5,COMPLETE
5,2420.7428252865034,2023-01-31 01:22:41.383730,2023-01-31 01:23:02.720581,0 days 00:00:21.336851,10,0.75,20,500,5,COMPLETE
324,2420.7428252865034,2023-01-31 03:57:56.125729,2023-01-31 03:58:18.729270,0 days 00:00:22.603541,10,0.75,10,500,5,COMPLETE
41,2420.7428252865034,2023-01-31 01:39:32.104999,2023-01-31 01:39:53.105816,0 days 00:00:21.000817,10,0.75,20,500,15,COMPLETE
472,2420.7428252865034,2023-01-31 05:08:51.428348,2023-01-31 05:09:12.133419,0 days 00:00:20.705071,10,0.75,10,500,5,COMPLETE
43,2420.7434100351447,2023-01-31 01:40:22.515848,2023-01-31 01:40:43.700033,0 days 00:00:21.184185,10,0.75,20,500,15,COMPLETE
42,2420.7434100351447,2023-01-31 01:39:57.158107,2023-01-31 01:40:17.978334,0 days 00:00:20.820227,10,0.75,20,500,20,COMPLETE
39,2420.7434100351447,2023-01-31 01:38:25.752671,2023-01-31 01:38:46.458870,0 days 00:00:20.706199,10,0.75,10,500,20,COMPLETE
363,2420.7434100351447,2023-01-31 04:16:54.268738,2023-01-31 04:17:24.984447,0 days 00:00:30.715709,10,0.75,10,500,5,COMPLETE
281,2420.7434100351447,2023-01-31 03:37:02.121493,2023-01-31 03:37:23.945804,0 days 00:00:21.824311,10,0.75,10,500,5,COMPLETE
45,2420.7434100351447,2023-01-31 01:41:15.142732,2023-01-31 01:41:38.149656,0 days 00:00:23.006924,10,0.75,20,500,5,COMPLETE
394,2420.7434100351447,2023-01-31 04:31:57.674569,2023-01-31 04:32:20.318543,0 days 00:00:22.643974,10,0.75,10,500,5,COMPLETE
238,2420.7434100351447,2023-01-31 03:16:18.798331,2023-01-31 03:16:40.281349,0 days 00:00:21.483018,10,0.75,10,500,5,COMPLETE
178,2420.7434100351447,2023-01-31 02:46:27.128340,2023-01-31 02:47:01.500794,0 days 00:00:34.372454,10,0.75,10,500,20,COMPLETE
4,2420.7434100351447,2023-01-31 01:22:07.171552,2023-01-31 01:22:37.219828,0 days 00:00:30.048276,10,0.75,10,500,10,COMPLETE
1,2420.7434100351447,2023-01-31 01:20:43.661943,2023-01-31 01:21:06.421936,0 days 00:00:22.759993,10,0.75,10,500,15,COMPLETE
44,2420.7434100351447,2023-01-31 01:40:49.905459,2023-01-31 01:41:10.367321,0 days 00:00:20.461862,10,0.75,20,500,15,COMPLETE
332,2425.1347137743705,2023-01-31 04:01:43.204388,2023-01-31 04:02:14.378413,0 days 00:00:31.174025,10,0.8,10,450,5,COMPLETE
25,2427.7909321922766,2023-01-31 01:31:57.244398,2023-01-31 01:32:17.787625,0 days 00:00:20.543227,10,0.8,10,450,15,COMPLETE
479,2427.7909321922766,2023-01-31 05:12:25.801593,2023-01-31 05:12:46.017925,0 days 00:00:20.216332,10,0.8,10,450,5,COMPLETE
244,2427.7909321922766,2023-01-31 03:18:59.898190,2023-01-31 03:19:19.945177,0 days 00:00:20.046987,10,0.8,10,450,10,COMPLETE
28,2427.7909321922766,2023-01-31 01:33:21.106712,2023-01-31 01:33:42.021974,0 days 00:00:20.915262,10,0.8,10,450,10,COMPLETE
15,2427.7909321922766,2023-01-31 01:27:08.289647,2023-01-31 01:27:30.380097,0 days 00:00:22.090450,10,0.8,10,450,10,COMPLETE
30,2427.7909321922766,2023-01-31 01:34:20.167530,2023-01-31 01:34:40.601360,0 days 00:00:20.433830,10,0.8,10,450,5,COMPLETE
0,2427.7909321922766,2023-01-31 01:20:17.564244,2023-01-31 01:20:39.048932,0 days 00:00:21.484688,10,0.8,20,450,15,COMPLETE
402,2427.7909321922766,2023-01-31 04:36:04.038583,2023-01-31 04:36:28.828136,0 days 00:00:24.789553,10,0.8,10,450,5,COMPLETE
120,2427.7909321922766,2023-01-31 02:17:22.616536,2023-01-31 02:17:43.407545,0 days 00:00:20.791009,10,0.8,10,450,20,COMPLETE
186,2427.7909321922766,2023-01-31 02:50:28.387982,2023-01-31 02:50:48.233222,0 days 00:00:19.845240,10,0.8,10,450,10,COMPLETE
290,2427.7909321922766,2023-01-31 03:41:37.598081,2023-01-31 03:42:02.529722,0 days 00:00:24.931641,10,0.8,10,450,5,COMPLETE
371,2427.7909321922766,2023-01-31 04:20:44.695306,2023-01-31 04:21:06.253049,0 days 00:00:21.557743,10,0.8,10,450,15,COMPLETE
70,2427.7909321922766,2023-01-31 01:53:07.184780,2023-01-31 01:53:35.140375,0 days 00:00:27.955595,10,0.8,10,450,10,COMPLETE
442,2427.7909321922766,2023-01-31 04:54:42.070918,2023-01-31 04:55:02.218312,0 days 00:00:20.147394,10,0.8,10,450,5,COMPLETE
59,2427.7909321922766,2023-01-31 01:47:56.034347,2023-01-31 01:48:16.008374,0 days 00:00:19.974027,10,0.8,10,450,5,COMPLETE
444,2435.6280158310387,2023-01-31 04:55:35.632614,2023-01-31 04:55:56.547218,0 days 00:00:20.914604,10,0.8,10,400,5,COMPLETE
114,2435.6280158310387,2023-01-31 02:14:31.021121,2023-01-31 02:14:50.815783,0 days 00:00:19.794662,10,0.8,10,400,20,COMPLETE
260,2435.6280158310387,2023-01-31 03:26:51.547766,2023-01-31 03:27:11.267998,0 days 00:00:19.720232,10,0.8,10,400,5,COMPLETE
8,2436.0635732196356,2023-01-31 01:23:57.303560,2023-01-31 01:24:16.915321,0 days 00:00:19.611761,10,0.75,20,400,10,COMPLETE
46,2436.0635732196356,2023-01-31 01:41:45.561813,2023-01-31 01:42:04.651969,0 days 00:00:19.090156,10,0.75,20,400,10,COMPLETE
6,2436.0635732196356,2023-01-31 01:23:08.693513,2023-01-31 01:23:28.271780,0 days 00:00:19.578267,10,0.75,20,400,15,COMPLETE
170,2437.174295873357,2023-01-31 02:42:25.564471,2023-01-31 02:42:45.637059,0 days 00:00:20.072588,10,0.8,10,400,20,COMPLETE
320,2437.174295873357,2023-01-31 03:56:10.771998,2023-01-31 03:56:30.680048,0 days 00:00:19.908050,10,0.8,10,400,5,COMPLETE
384,2437.174295873357,2023-01-31 04:27:27.855531,2023-01-31 04:27:54.368648,0 days 00:00:26.513117,10,0.8,10,400,5,COMPLETE
255,2444.4674376799862,2023-01-31 03:24:24.476685,2023-01-31 03:24:46.038798,0 days 00:00:21.562113,9,0.8,10,500,10,COMPLETE
294,2444.4674376799862,2023-01-31 03:43:37.571275,2023-01-31 03:43:59.542086,0 days 00:00:21.970811,9,0.8,10,500,5,COMPLETE
189,2444.4674376799862,2023-01-31 02:51:59.452619,2023-01-31 02:52:20.826000,0 days 00:00:21.373381,9,0.8,10,500,5,COMPLETE
418,2444.4674376799862,2023-01-31 04:43:31.998058,2023-01-31 04:43:52.881343,0 days 00:00:20.883285,9,0.8,10,500,5,COMPLETE
138,2444.4674376799862,2023-01-31 02:26:23.314912,2023-01-31 02:26:43.878147,0 days 00:00:20.563235,9,0.8,10,500,5,COMPLETE
452,2444.4674376799862,2023-01-31 04:59:12.085002,2023-01-31 04:59:32.782743,0 days 00:00:20.697741,9,0.8,10,500,10,COMPLETE
36,2444.4674376799862,2023-01-31 01:37:01.507086,2023-01-31 01:37:23.896750,0 days 00:00:22.389664,9,0.8,10,500,15,COMPLETE
376,2444.4674376799862,2023-01-31 04:23:23.874621,2023-01-31 04:23:57.584251,0 days 00:00:33.709630,9,0.8,10,500,5,COMPLETE
98,2445.5227554350727,2023-01-31 02:06:12.514936,2023-01-31 02:06:34.158627,0 days 00:00:21.643691,9,0.8,10,500,10,COMPLETE
336,2445.5228542290715,2023-01-31 04:03:44.126891,2023-01-31 04:04:06.573240,0 days 00:00:22.446349,9,0.8,10,500,5,COMPLETE
491,2445.5228542290715,2023-01-31 05:17:53.209164,2023-01-31 05:18:14.219677,0 days 00:00:21.010513,9,0.8,10,500,10,COMPLETE
2,2451.1745858542004,2023-01-31 01:21:11.278450,2023-01-31 01:21:36.452714,0 days 00:00:25.174264,9,0.75,20,450,20,COMPLETE
7,2454.547558960327,2023-01-31 01:23:33.111480,2023-01-31 01:23:52.704687,0 days 00:00:19.593207,9,0.8,20,450,5,COMPLETE
40,2454.938547231138,2023-01-31 01:38:56.044906,2023-01-31 01:39:26.650266,0 days 00:00:30.605360,9,0.8,20,450,5,COMPLETE
20,2454.938547231138,2023-01-31 01:29:31.110568,2023-01-31 01:29:52.125148,0 days 00:00:21.014580,9,0.8,10,450,15,COMPLETE
17,2454.938547231138,2023-01-31 01:28:01.948315,2023-01-31 01:28:27.414284,0 days 00:00:25.465969,9,0.8,10,450,20,COMPLETE
9,2462.3951731480324,2023-01-31 01:24:23.688111,2023-01-31 01:24:43.362995,0 days 00:00:19.674884,9,0.75,20,400,5,COMPLETE
3,2465.762211821244,2023-01-31 01:21:40.737000,2023-01-31 01:22:00.481669,0 days 00:00:19.744669,9,0.8,10,400,15,COMPLETE
60,2467.091547444573,2023-01-31 01:48:20.476375,2023-01-31 01:48:41.653248,0 days 00:00:21.176873,9,0.8,10,400,10,COMPLETE
