iteration,rmse,datetime_start,datetime_complete,duration,colsample_bylevel,colsample_bytree,max_depth,min_child_weight,n_estimators,reg_lambda,subsample,state
200,2314.3974382951546,2023-01-30 02:52:39.808888,2023-01-30 02:54:18.927181,0 days 00:01:39.118293,0.6,0.6,15.0,7.0,700.0,5.5,0.78,COMPLETE
104,2314.3974382951546,2023-01-29 23:43:24.805488,2023-01-29 23:45:06.487079,0 days 00:01:41.681591,0.6,0.6,15.0,7.0,700.0,5.5,0.78,COMPLETE
103,2314.3974382951546,2023-01-29 23:41:37.716411,2023-01-29 23:43:18.645268,0 days 00:01:40.928857,0.6,0.6,15.0,7.0,700.0,5.5,0.78,COMPLETE
102,2314.3974382951546,2023-01-29 23:39:52.234169,2023-01-29 23:41:33.217942,0 days 00:01:40.983773,0.6,0.6,15.0,7.0,700.0,5.5,0.78,COMPLETE
101,2314.3974382951546,2023-01-29 23:38:04.808736,2023-01-29 23:39:45.806064,0 days 00:01:40.997328,0.6,0.6,15.0,7.0,700.0,5.5,0.78,COMPLETE
149,2314.3974382951546,2023-01-30 01:04:07.330399,2023-01-30 01:05:48.259609,0 days 00:01:40.929210,0.6,0.6,15.0,7.0,700.0,5.5,0.78,COMPLETE
199,2314.3974382951546,2023-01-30 02:50:52.461830,2023-01-30 02:52:34.895549,0 days 00:01:42.433719,0.6,0.6,15.0,7.0,700.0,5.5,0.78,COMPLETE
98,2314.3974382951546,2023-01-29 23:32:27.033546,2023-01-29 23:34:20.377468,0 days 00:01:53.343922,0.6,0.6,15.0,7.0,700.0,5.5,0.78,COMPLETE
97,2314.3974382951546,2023-01-29 23:30:41.471387,2023-01-29 23:32:22.293094,0 days 00:01:40.821707,0.6,0.6,15.0,7.0,700.0,5.5,0.78,COMPLETE
96,2314.3974382951546,2023-01-29 23:28:56.127829,2023-01-29 23:30:36.982521,0 days 00:01:40.854692,0.6,0.6,15.0,7.0,700.0,5.5,0.78,COMPLETE
95,2314.3974382951546,2023-01-29 23:27:10.634037,2023-01-29 23:28:51.598249,0 days 00:01:40.964212,0.6,0.6,15.0,7.0,700.0,5.5,0.78,COMPLETE
94,2314.3974382951546,2023-01-29 23:25:26.109998,2023-01-29 23:27:06.595632,0 days 00:01:40.485634,0.6,0.6,15.0,7.0,700.0,5.5,0.78,COMPLETE
93,2314.3974382951546,2023-01-29 23:23:40.775990,2023-01-29 23:25:21.509129,0 days 00:01:40.733139,0.6,0.6,15.0,7.0,700.0,5.5,0.78,COMPLETE
92,2314.3974382951546,2023-01-29 23:21:55.294178,2023-01-29 23:23:36.206079,0 days 00:01:40.911901,0.6,0.6,15.0,7.0,700.0,5.5,0.78,COMPLETE
91,2314.3974382951546,2023-01-29 23:19:19.637984,2023-01-29 23:21:51.087208,0 days 00:02:31.449224,0.6,0.6,15.0,7.0,700.0,5.5,0.78,COMPLETE
89,2314.3974382951546,2023-01-29 23:15:34.681943,2023-01-29 23:17:33.322518,0 days 00:01:58.640575,0.6,0.6,15.0,7.0,700.0,5.5,0.78,COMPLETE
150,2314.3974382951546,2023-01-30 01:05:55.002855,2023-01-30 01:07:35.848086,0 days 00:01:40.845231,0.6,0.6,15.0,7.0,700.0,5.5,0.78,COMPLETE
87,2314.3974382951546,2023-01-29 23:12:16.783763,2023-01-29 23:13:57.821156,0 days 00:01:41.037393,0.6,0.6,15.0,7.0,700.0,5.5,0.78,COMPLETE
73,2314.3974382951546,2023-01-29 22:45:51.343177,2023-01-29 22:48:01.851994,0 days 00:02:10.508817,0.6,0.6,15.0,7.0,700.0,5.5,0.78,COMPLETE
74,2314.3974382951546,2023-01-29 22:48:06.695180,2023-01-29 22:49:47.031747,0 days 00:01:40.336567,0.6,0.6,15.0,7.0,700.0,5.5,0.78,COMPLETE
75,2314.3974382951546,2023-01-29 22:49:50.990684,2023-01-29 22:51:31.606821,0 days 00:01:40.616137,0.6,0.6,15.0,7.0,700.0,5.5,0.78,COMPLETE
153,2314.3974382951546,2023-01-30 01:11:11.523187,2023-01-30 01:12:52.690755,0 days 00:01:41.167568,0.6,0.6,15.0,7.0,700.0,5.5,0.78,COMPLETE
77,2314.3974382951546,2023-01-29 22:53:29.479848,2023-01-29 22:55:10.315438,0 days 00:01:40.835590,0.6,0.6,15.0,7.0,700.0,5.5,0.78,COMPLETE
152,2314.3974382951546,2023-01-30 01:09:25.973132,2023-01-30 01:11:06.368611,0 days 00:01:40.395479,0.6,0.6,15.0,7.0,700.0,5.5,0.78,COMPLETE
105,2314.3974382951546,2023-01-29 23:45:13.278874,2023-01-29 23:46:54.342383,0 days 00:01:41.063509,0.6,0.6,15.0,7.0,700.0,5.5,0.78,COMPLETE
79,2314.3974382951546,2023-01-29 22:56:56.126870,2023-01-29 22:58:53.035124,0 days 00:01:56.908254,0.6,0.6,15.0,7.0,700.0,5.5,0.78,COMPLETE
81,2314.3974382951546,2023-01-29 23:00:59.828244,2023-01-29 23:02:55.687326,0 days 00:01:55.859082,0.6,0.6,15.0,7.0,700.0,5.5,0.78,COMPLETE
82,2314.3974382951546,2023-01-29 23:03:00.576989,2023-01-29 23:04:58.328405,0 days 00:01:57.751416,0.6,0.6,15.0,7.0,700.0,5.5,0.78,COMPLETE
83,2314.3974382951546,2023-01-29 23:05:02.932515,2023-01-29 23:06:43.549150,0 days 00:01:40.616635,0.6,0.6,15.0,7.0,700.0,5.5,0.78,COMPLETE
84,2314.3974382951546,2023-01-29 23:06:48.368733,2023-01-29 23:08:41.216120,0 days 00:01:52.847387,0.6,0.6,15.0,7.0,700.0,5.5,0.78,COMPLETE
85,2314.3974382951546,2023-01-29 23:08:46.089172,2023-01-29 23:10:26.848017,0 days 00:01:40.758845,0.6,0.6,15.0,7.0,700.0,5.5,0.78,COMPLETE
86,2314.3974382951546,2023-01-29 23:10:31.391652,2023-01-29 23:12:12.097715,0 days 00:01:40.706063,0.6,0.6,15.0,7.0,700.0,5.5,0.78,COMPLETE
151,2314.3974382951546,2023-01-30 01:07:40.280049,2023-01-30 01:09:21.065116,0 days 00:01:40.785067,0.6,0.6,15.0,7.0,700.0,5.5,0.78,COMPLETE
106,2314.3974382951546,2023-01-29 23:47:01.047004,2023-01-29 23:48:47.360807,0 days 00:01:46.313803,0.6,0.6,15.0,7.0,700.0,5.5,0.78,COMPLETE
107,2314.3974382951546,2023-01-29 23:48:51.659923,2023-01-29 23:50:42.533186,0 days 00:01:50.873263,0.6,0.6,15.0,7.0,700.0,5.5,0.78,COMPLETE
148,2314.3974382951546,2023-01-30 01:02:21.303454,2023-01-30 01:04:02.142575,0 days 00:01:40.839121,0.6,0.6,15.0,7.0,700.0,5.5,0.78,COMPLETE
127,2314.3974382951546,2023-01-30 00:24:48.893629,2023-01-30 00:26:29.795817,0 days 00:01:40.902188,0.6,0.6,15.0,7.0,700.0,5.5,0.78,COMPLETE
128,2314.3974382951546,2023-01-30 00:26:34.419331,2023-01-30 00:28:15.920266,0 days 00:01:41.500935,0.6,0.6,15.0,7.0,700.0,5.5,0.78,COMPLETE
144,2314.3974382951546,2023-01-30 00:55:15.834722,2023-01-30 00:56:57.323706,0 days 00:01:41.488984,0.6,0.6,15.0,7.0,700.0,5.5,0.78,COMPLETE
130,2314.3974382951546,2023-01-30 00:30:00.391268,2023-01-30 00:31:41.396619,0 days 00:01:41.005351,0.6,0.6,15.0,7.0,700.0,5.5,0.78,COMPLETE
131,2314.3974382951546,2023-01-30 00:31:48.019944,2023-01-30 00:33:29.086654,0 days 00:01:41.066710,0.6,0.6,15.0,7.0,700.0,5.5,0.78,COMPLETE
132,2314.3974382951546,2023-01-30 00:33:33.539390,2023-01-30 00:35:14.569495,0 days 00:01:41.030105,0.6,0.6,15.0,7.0,700.0,5.5,0.78,COMPLETE
126,2314.3974382951546,2023-01-30 00:23:01.613301,2023-01-30 00:24:42.483086,0 days 00:01:40.869785,0.6,0.6,15.0,7.0,700.0,5.5,0.78,COMPLETE
133,2314.3974382951546,2023-01-30 00:35:18.865391,2023-01-30 00:36:59.930254,0 days 00:01:41.064863,0.6,0.6,15.0,7.0,700.0,5.5,0.78,COMPLETE
135,2314.3974382951546,2023-01-30 00:38:51.510300,2023-01-30 00:40:32.536855,0 days 00:01:41.026555,0.6,0.6,15.0,7.0,700.0,5.5,0.78,COMPLETE
143,2314.3974382951546,2023-01-30 00:53:30.514681,2023-01-30 00:55:11.135432,0 days 00:01:40.620751,0.6,0.6,15.0,7.0,700.0,5.5,0.78,COMPLETE
137,2314.3974382951546,2023-01-30 00:42:24.269795,2023-01-30 00:44:05.079577,0 days 00:01:40.809782,0.6,0.6,15.0,7.0,700.0,5.5,0.78,COMPLETE
138,2314.3974382951546,2023-01-30 00:44:09.634566,2023-01-30 00:45:50.544183,0 days 00:01:40.909617,0.6,0.6,15.0,7.0,700.0,5.5,0.78,COMPLETE
139,2314.3974382951546,2023-01-30 00:45:57.277860,2023-01-30 00:47:50.138563,0 days 00:01:52.860703,0.6,0.6,15.0,7.0,700.0,5.5,0.78,COMPLETE
140,2314.3974382951546,2023-01-30 00:47:56.272204,2023-01-30 00:49:46.318152,0 days 00:01:50.045948,0.6,0.6,15.0,7.0,700.0,5.5,0.78,COMPLETE
134,2314.3974382951546,2023-01-30 00:37:06.227631,2023-01-30 00:38:47.142722,0 days 00:01:40.915091,0.6,0.6,15.0,7.0,700.0,5.5,0.78,COMPLETE
72,2314.3974382951546,2023-01-29 22:43:44.819907,2023-01-29 22:45:46.583758,0 days 00:02:01.763851,0.6,0.6,15.0,7.0,700.0,5.5,0.78,COMPLETE
125,2314.3974382951546,2023-01-30 00:21:04.086574,2023-01-30 00:22:57.136467,0 days 00:01:53.049893,0.6,0.6,15.0,7.0,700.0,5.5,0.78,COMPLETE
123,2314.3974382951546,2023-01-30 00:16:54.741863,2023-01-30 00:18:52.703261,0 days 00:01:57.961398,0.6,0.6,15.0,7.0,700.0,5.5,0.78,COMPLETE
147,2314.3974382951546,2023-01-30 01:00:35.782689,2023-01-30 01:02:16.834969,0 days 00:01:41.052280,0.6,0.6,15.0,7.0,700.0,5.5,0.78,COMPLETE
110,2314.3974382951546,2023-01-29 23:54:06.907310,2023-01-29 23:55:48.014347,0 days 00:01:41.107037,0.6,0.6,15.0,7.0,700.0,5.5,0.78,COMPLETE
111,2314.3974382951546,2023-01-29 23:55:54.056403,2023-01-29 23:57:35.444784,0 days 00:01:41.388381,0.6,0.6,15.0,7.0,700.0,5.5,0.78,COMPLETE
112,2314.3974382951546,2023-01-29 23:57:41.821181,2023-01-29 23:59:22.548594,0 days 00:01:40.727413,0.6,0.6,15.0,7.0,700.0,5.5,0.78,COMPLETE
113,2314.3974382951546,2023-01-29 23:59:27.245018,2023-01-30 00:01:12.602050,0 days 00:01:45.357032,0.6,0.6,15.0,7.0,700.0,5.5,0.78,COMPLETE
114,2314.3974382951546,2023-01-30 00:01:17.273184,2023-01-30 00:02:59.339280,0 days 00:01:42.066096,0.6,0.6,15.0,7.0,700.0,5.5,0.78,COMPLETE
124,2314.3974382951546,2023-01-30 00:19:01.477400,2023-01-30 00:20:59.674683,0 days 00:01:58.197283,0.6,0.6,15.0,7.0,700.0,5.5,0.78,COMPLETE
115,2314.3974382951546,2023-01-30 00:03:03.584608,2023-01-30 00:04:44.804365,0 days 00:01:41.219757,0.6,0.6,15.0,7.0,700.0,5.5,0.78,COMPLETE
117,2314.3974382951546,2023-01-30 00:06:37.480855,2023-01-30 00:08:18.276219,0 days 00:01:40.795364,0.6,0.6,15.0,7.0,700.0,5.5,0.78,COMPLETE
146,2314.3974382951546,2023-01-30 00:58:50.460790,2023-01-30 01:00:31.569214,0 days 00:01:41.108424,0.6,0.6,15.0,7.0,700.0,5.5,0.78,COMPLETE
145,2314.3974382951546,2023-01-30 00:57:01.887233,2023-01-30 00:58:42.865493,0 days 00:01:40.978260,0.6,0.6,15.0,7.0,700.0,5.5,0.78,COMPLETE
120,2314.3974382951546,2023-01-30 00:11:22.533295,2023-01-30 00:13:06.475592,0 days 00:01:43.942297,0.6,0.6,15.0,7.0,700.0,5.5,0.78,COMPLETE
121,2314.3974382951546,2023-01-30 00:13:11.410599,2023-01-30 00:14:52.185798,0 days 00:01:40.775199,0.6,0.6,15.0,7.0,700.0,5.5,0.78,COMPLETE
122,2314.3974382951546,2023-01-30 00:15:07.721513,2023-01-30 00:16:48.164829,0 days 00:01:40.443316,0.6,0.6,15.0,7.0,700.0,5.5,0.78,COMPLETE
116,2314.3974382951546,2023-01-30 00:04:51.954083,2023-01-30 00:06:32.885181,0 days 00:01:40.931098,0.6,0.6,15.0,7.0,700.0,5.5,0.78,COMPLETE
141,2314.3974382951546,2023-01-30 00:49:52.854725,2023-01-30 00:51:35.895103,0 days 00:01:43.040378,0.6,0.6,15.0,7.0,700.0,5.5,0.78,COMPLETE
71,2314.3974382951546,2023-01-29 22:41:40.366145,2023-01-29 22:43:40.269528,0 days 00:01:59.903383,0.6,0.6,15.0,7.0,700.0,5.5,0.78,COMPLETE
167,2314.3974382951546,2023-01-30 01:35:10.017563,2023-01-30 01:36:52.050697,0 days 00:01:42.033134,0.6,0.6,15.0,7.0,700.0,5.5,0.78,COMPLETE
176,2314.3974382951546,2023-01-30 01:51:22.861993,2023-01-30 01:53:03.569199,0 days 00:01:40.707206,0.6,0.6,15.0,7.0,700.0,5.5,0.78,COMPLETE
175,2314.3974382951546,2023-01-30 01:49:37.263117,2023-01-30 01:51:18.035832,0 days 00:01:40.772715,0.6,0.6,15.0,7.0,700.0,5.5,0.78,COMPLETE
174,2314.3974382951546,2023-01-30 01:47:51.734874,2023-01-30 01:49:32.905352,0 days 00:01:41.170478,0.6,0.6,15.0,7.0,700.0,5.5,0.78,COMPLETE
23,2314.3974382951546,2023-01-29 21:15:02.359828,2023-01-29 21:16:43.346403,0 days 00:01:40.986575,0.6,0.6,15.0,7.0,700.0,5.5,0.78,COMPLETE
24,2314.3974382951546,2023-01-29 21:16:49.507004,2023-01-29 21:18:30.838585,0 days 00:01:41.331581,0.6,0.6,15.0,7.0,700.0,5.5,0.78,COMPLETE
173,2314.3974382951546,2023-01-30 01:46:06.079355,2023-01-30 01:47:47.204792,0 days 00:01:41.125437,0.6,0.6,15.0,7.0,700.0,5.5,0.78,COMPLETE
178,2314.3974382951546,2023-01-30 01:55:38.225055,2023-01-30 01:57:18.830162,0 days 00:01:40.605107,0.6,0.6,15.0,7.0,700.0,5.5,0.78,COMPLETE
172,2314.3974382951546,2023-01-30 01:44:18.874433,2023-01-30 01:46:01.360018,0 days 00:01:42.485585,0.6,0.6,15.0,7.0,700.0,5.5,0.78,COMPLETE
170,2314.3974382951546,2023-01-30 01:40:32.705893,2023-01-30 01:42:23.505646,0 days 00:01:50.799753,0.6,0.6,15.0,7.0,700.0,5.5,0.78,COMPLETE
169,2314.3974382951546,2023-01-30 01:38:45.262764,2023-01-30 01:40:26.183635,0 days 00:01:40.920871,0.6,0.6,15.0,7.0,700.0,5.5,0.78,COMPLETE
168,2314.3974382951546,2023-01-30 01:36:56.753280,2023-01-30 01:38:38.702518,0 days 00:01:41.949238,0.6,0.6,15.0,7.0,700.0,5.5,0.78,COMPLETE
31,2314.3974382951546,2023-01-29 21:29:30.031943,2023-01-29 21:31:26.246998,0 days 00:01:56.215055,0.6,0.6,15.0,7.0,700.0,5.5,0.78,COMPLETE
32,2314.3974382951546,2023-01-29 21:31:31.168126,2023-01-29 21:33:22.945803,0 days 00:01:51.777677,0.6,0.6,15.0,7.0,700.0,5.5,0.78,COMPLETE
33,2314.3974382951546,2023-01-29 21:33:28.410101,2023-01-29 21:35:18.003087,0 days 00:01:49.592986,0.6,0.6,15.0,7.0,700.0,5.5,0.78,COMPLETE
171,2314.3974382951546,2023-01-30 01:42:30.281458,2023-01-30 01:44:12.028893,0 days 00:01:41.747435,0.6,0.6,15.0,7.0,700.0,5.5,0.78,COMPLETE
34,2314.3974382951546,2023-01-29 21:35:23.887094,2023-01-29 21:37:18.847083,0 days 00:01:54.959989,0.6,0.6,15.0,7.0,700.0,5.5,0.78,COMPLETE
179,2314.3974382951546,2023-01-30 01:57:26.902022,2023-01-30 01:59:07.223161,0 days 00:01:40.321139,0.6,0.6,15.0,7.0,700.0,5.5,0.78,COMPLETE
182,2314.3974382951546,2023-01-30 02:02:47.258708,2023-01-30 02:04:28.361923,0 days 00:01:41.103215,0.6,0.6,15.0,7.0,700.0,5.5,0.78,COMPLETE
197,2314.3974382951546,2023-01-30 02:29:26.976125,2023-01-30 02:31:07.739882,0 days 00:01:40.763757,0.6,0.6,15.0,7.0,700.0,5.5,0.78,COMPLETE
196,2314.3974382951546,2023-01-30 02:27:30.515926,2023-01-30 02:29:22.503688,0 days 00:01:51.987762,0.6,0.6,15.0,7.0,700.0,5.5,0.78,COMPLETE
195,2314.3974382951546,2023-01-30 02:25:45.194729,2023-01-30 02:27:25.680084,0 days 00:01:40.485355,0.6,0.6,15.0,7.0,700.0,5.5,0.78,COMPLETE
194,2314.3974382951546,2023-01-30 02:23:58.151097,2023-01-30 02:25:39.133727,0 days 00:01:40.982630,0.6,0.6,15.0,7.0,700.0,5.5,0.78,COMPLETE
193,2314.3974382951546,2023-01-30 02:22:12.299667,2023-01-30 02:23:53.458832,0 days 00:01:41.159165,0.6,0.6,15.0,7.0,700.0,5.5,0.78,COMPLETE
192,2314.3974382951546,2023-01-30 02:20:23.397278,2023-01-30 02:22:04.444489,0 days 00:01:41.047211,0.6,0.6,15.0,7.0,700.0,5.5,0.78,COMPLETE
181,2314.3974382951546,2023-01-30 02:00:55.002497,2023-01-30 02:02:35.985337,0 days 00:01:40.982840,0.6,0.6,15.0,7.0,700.0,5.5,0.78,COMPLETE
190,2314.3974382951546,2023-01-30 02:16:53.850853,2023-01-30 02:18:34.385352,0 days 00:01:40.534499,0.6,0.6,15.0,7.0,700.0,5.5,0.78,COMPLETE
188,2314.3974382951546,2023-01-30 02:13:20.623851,2023-01-30 02:15:01.416115,0 days 00:01:40.792264,0.6,0.6,15.0,7.0,700.0,5.5,0.78,COMPLETE
187,2314.3974382951546,2023-01-30 02:11:35.124032,2023-01-30 02:13:16.268361,0 days 00:01:41.144329,0.6,0.6,15.0,7.0,700.0,5.5,0.78,COMPLETE
186,2314.3974382951546,2023-01-30 02:09:49.415410,2023-01-30 02:11:30.061056,0 days 00:01:40.645646,0.6,0.6,15.0,7.0,700.0,5.5,0.78,COMPLETE
185,2314.3974382951546,2023-01-30 02:08:03.942711,2023-01-30 02:09:44.737002,0 days 00:01:40.794291,0.6,0.6,15.0,7.0,700.0,5.5,0.78,COMPLETE
184,2314.3974382951546,2023-01-30 02:06:18.022220,2023-01-30 02:07:59.531695,0 days 00:01:41.509475,0.6,0.6,15.0,7.0,700.0,5.5,0.78,COMPLETE
183,2314.3974382951546,2023-01-30 02:04:32.672527,2023-01-30 02:06:13.441690,0 days 00:01:40.769163,0.6,0.6,15.0,7.0,700.0,5.5,0.78,COMPLETE
189,2314.3974382951546,2023-01-30 02:15:06.216149,2023-01-30 02:16:49.154301,0 days 00:01:42.938152,0.6,0.6,15.0,7.0,700.0,5.5,0.78,COMPLETE
70,2314.3974382951546,2023-01-29 22:39:55.028354,2023-01-29 22:41:35.938551,0 days 00:01:40.910197,0.6,0.6,15.0,7.0,700.0,5.5,0.78,COMPLETE
142,2314.3974382951546,2023-01-30 00:51:42.775958,2023-01-30 00:53:23.673081,0 days 00:01:40.897123,0.6,0.6,15.0,7.0,700.0,5.5,0.78,COMPLETE
37,2314.3974382951546,2023-01-29 21:40:55.876694,2023-01-29 21:42:41.888683,0 days 00:01:46.011989,0.6,0.6,15.0,7.0,700.0,5.5,0.78,COMPLETE
154,2314.3974382951546,2023-01-30 01:12:56.835938,2023-01-30 01:14:38.128817,0 days 00:01:41.292879,0.6,0.6,15.0,7.0,700.0,5.5,0.78,COMPLETE
67,2314.3974382951546,2023-01-29 22:34:04.209663,2023-01-29 22:35:45.525033,0 days 00:01:41.315370,0.6,0.6,15.0,7.0,700.0,5.5,0.78,COMPLETE
66,2314.3974382951546,2023-01-29 22:32:17.349393,2023-01-29 22:33:59.128513,0 days 00:01:41.779120,0.6,0.6,15.0,7.0,700.0,5.5,0.78,COMPLETE
65,2314.3974382951546,2023-01-29 22:30:31.923377,2023-01-29 22:32:13.245386,0 days 00:01:41.322009,0.6,0.6,15.0,7.0,700.0,5.5,0.78,COMPLETE
64,2314.3974382951546,2023-01-29 22:28:46.521807,2023-01-29 22:30:27.590829,0 days 00:01:41.069022,0.6,0.6,15.0,7.0,700.0,5.5,0.78,COMPLETE
63,2314.3974382951546,2023-01-29 22:27:00.882979,2023-01-29 22:28:42.103401,0 days 00:01:41.220422,0.6,0.6,15.0,7.0,700.0,5.5,0.78,COMPLETE
62,2314.3974382951546,2023-01-29 22:25:04.785207,2023-01-29 22:26:54.677948,0 days 00:01:49.892741,0.6,0.6,15.0,7.0,700.0,5.5,0.78,COMPLETE
61,2314.3974382951546,2023-01-29 22:23:17.536986,2023-01-29 22:24:59.705554,0 days 00:01:42.168568,0.6,0.6,15.0,7.0,700.0,5.5,0.78,COMPLETE
60,2314.3974382951546,2023-01-29 22:21:23.382525,2023-01-29 22:23:12.367496,0 days 00:01:48.984971,0.6,0.6,15.0,7.0,700.0,5.5,0.78,COMPLETE
57,2314.3974382951546,2023-01-29 22:16:28.319621,2023-01-29 22:18:09.544158,0 days 00:01:41.224537,0.6,0.6,15.0,7.0,700.0,5.5,0.78,COMPLETE
56,2314.3974382951546,2023-01-29 22:14:40.725531,2023-01-29 22:16:21.988566,0 days 00:01:41.263035,0.6,0.6,15.0,7.0,700.0,5.5,0.78,COMPLETE
55,2314.3974382951546,2023-01-29 22:12:40.107574,2023-01-29 22:14:34.448722,0 days 00:01:54.341148,0.6,0.6,15.0,7.0,700.0,5.5,0.78,COMPLETE
54,2314.3974382951546,2023-01-29 22:10:45.076947,2023-01-29 22:12:33.419793,0 days 00:01:48.342846,0.6,0.6,15.0,7.0,700.0,5.5,0.78,COMPLETE
53,2314.3974382951546,2023-01-29 22:08:59.590198,2023-01-29 22:10:40.408239,0 days 00:01:40.818041,0.6,0.6,15.0,7.0,700.0,5.5,0.78,COMPLETE
166,2314.3974382951546,2023-01-30 01:33:24.459824,2023-01-30 01:35:05.254913,0 days 00:01:40.795089,0.6,0.6,15.0,7.0,700.0,5.5,0.78,COMPLETE
52,2314.3974382951546,2023-01-29 22:07:13.767810,2023-01-29 22:08:54.991786,0 days 00:01:41.223976,0.6,0.6,15.0,7.0,700.0,5.5,0.78,COMPLETE
45,2314.3974382951546,2023-01-29 21:55:23.344317,2023-01-29 21:57:14.386345,0 days 00:01:51.042028,0.6,0.6,15.0,7.0,700.0,5.5,0.78,COMPLETE
40,2314.3974382951546,2023-01-29 21:46:00.540207,2023-01-29 21:47:41.361649,0 days 00:01:40.821442,0.6,0.6,15.0,7.0,700.0,5.5,0.78,COMPLETE
41,2314.3974382951546,2023-01-29 21:47:47.846683,2023-01-29 21:49:40.681800,0 days 00:01:52.835117,0.6,0.6,15.0,7.0,700.0,5.5,0.78,COMPLETE
42,2314.3974382951546,2023-01-29 21:49:47.062363,2023-01-29 21:51:43.670388,0 days 00:01:56.608025,0.6,0.6,15.0,7.0,700.0,5.5,0.78,COMPLETE
43,2314.3974382951546,2023-01-29 21:51:50.086995,2023-01-29 21:53:31.055194,0 days 00:01:40.968199,0.6,0.6,15.0,7.0,700.0,5.5,0.78,COMPLETE
44,2314.3974382951546,2023-01-29 21:53:35.392014,2023-01-29 21:55:16.641923,0 days 00:01:41.249909,0.6,0.6,15.0,7.0,700.0,5.5,0.78,COMPLETE
51,2314.3974382951546,2023-01-29 22:05:28.061086,2023-01-29 22:07:09.433756,0 days 00:01:41.372670,0.6,0.6,15.0,7.0,700.0,5.5,0.78,COMPLETE
162,2314.3974382951546,2023-01-30 01:26:30.068414,2023-01-30 01:28:10.912823,0 days 00:01:40.844409,0.6,0.6,15.0,7.0,700.0,5.5,0.78,COMPLETE
161,2314.3974382951546,2023-01-30 01:24:44.697378,2023-01-30 01:26:25.399245,0 days 00:01:40.701867,0.6,0.6,15.0,7.0,700.0,5.5,0.78,COMPLETE
47,2314.3974382951546,2023-01-29 21:58:54.613753,2023-01-29 22:00:35.899415,0 days 00:01:41.285662,0.6,0.6,15.0,7.0,700.0,5.5,0.78,COMPLETE
160,2314.3974382951546,2023-01-30 01:22:59.310496,2023-01-30 01:24:40.259065,0 days 00:01:40.948569,0.6,0.6,15.0,7.0,700.0,5.5,0.78,COMPLETE
158,2314.3974382951546,2023-01-30 01:19:47.267508,2023-01-30 01:21:33.747083,0 days 00:01:46.479575,0.6,0.6,15.0,7.0,700.0,5.5,0.78,COMPLETE
157,2314.3974382951546,2023-01-30 01:18:01.971029,2023-01-30 01:19:42.734744,0 days 00:01:40.763715,0.6,0.6,15.0,7.0,700.0,5.5,0.78,COMPLETE
164,2314.3974382951546,2023-01-30 01:30:00.965308,2023-01-30 01:31:42.316724,0 days 00:01:41.351416,0.6,0.6,15.0,7.0,700.0,5.5,0.78,COMPLETE
58,2314.6366541670714,2023-01-29 22:18:15.925287,2023-01-29 22:19:45.495933,0 days 00:01:29.570646,0.6,0.5,15.0,8.0,700.0,6.5,0.78,COMPLETE
90,2314.947165411038,2023-01-29 23:17:38.118766,2023-01-29 23:19:14.602234,0 days 00:01:36.483468,0.6,0.6,15.0,7.0,700.0,7.5,0.78,COMPLETE
155,2314.947165411038,2023-01-30 01:14:42.222770,2023-01-30 01:16:18.568980,0 days 00:01:36.346210,0.6,0.6,15.0,7.0,700.0,7.5,0.78,COMPLETE
69,2314.984892208367,2023-01-29 22:37:34.646481,2023-01-29 22:39:49.925409,0 days 00:02:15.278928,0.6,0.6,15.0,7.0,800.0,5.5,0.8,COMPLETE
177,2315.3719167898616,2023-01-30 01:53:08.224142,2023-01-30 01:54:59.999202,0 days 00:01:51.775060,0.6,0.6,15.0,7.0,700.0,5.5,0.8,COMPLETE
99,2315.3719167898616,2023-01-29 23:34:25.349819,2023-01-29 23:36:20.636816,0 days 00:01:55.286997,0.6,0.6,15.0,7.0,700.0,5.5,0.8,COMPLETE
136,2315.3719167898616,2023-01-30 00:40:37.002075,2023-01-30 00:42:18.424444,0 days 00:01:41.422369,0.6,0.6,15.0,7.0,700.0,5.5,0.8,COMPLETE
109,2315.4938798768853,2023-01-29 23:52:24.371286,2023-01-29 23:54:02.530223,0 days 00:01:38.158937,0.6,0.6,15.0,7.0,700.0,6.5,0.78,COMPLETE
49,2315.4938798768853,2023-01-29 22:02:22.341103,2023-01-29 22:04:00.682452,0 days 00:01:38.341349,0.6,0.6,15.0,7.0,700.0,6.5,0.78,COMPLETE
163,2315.4938798768853,2023-01-30 01:28:16.542871,2023-01-30 01:29:54.649287,0 days 00:01:38.106416,0.6,0.6,15.0,7.0,700.0,6.5,0.78,COMPLETE
180,2315.6701138407516,2023-01-30 01:59:12.380626,2023-01-30 02:00:49.535234,0 days 00:01:37.154608,0.5,0.6,15.0,7.0,700.0,5.5,0.78,COMPLETE
118,2315.6701138407516,2023-01-30 00:08:22.828485,2023-01-30 00:10:00.388723,0 days 00:01:37.560238,0.5,0.6,15.0,7.0,700.0,5.5,0.78,COMPLETE
39,2315.6701138407516,2023-01-29 21:44:16.121299,2023-01-29 21:45:53.976424,0 days 00:01:37.855125,0.5,0.6,15.0,7.0,700.0,5.5,0.78,COMPLETE
80,2315.6701138407516,2023-01-29 22:58:57.536470,2023-01-29 23:00:52.872884,0 days 00:01:55.336414,0.5,0.6,15.0,7.0,700.0,5.5,0.78,COMPLETE
5,2315.7620173414557,2023-01-29 20:42:56.238433,2023-01-29 20:45:08.331821,0 days 00:02:12.093388,0.6,0.7,15.0,8.0,800.0,6.5,0.8,COMPLETE
22,2315.9272547521628,2023-01-29 21:12:58.944982,2023-01-29 21:14:55.653391,0 days 00:01:56.708409,0.6,0.7,15.0,7.0,700.0,5.5,0.78,COMPLETE
15,2315.9272547521628,2023-01-29 20:59:46.226310,2023-01-29 21:01:41.309312,0 days 00:01:55.083002,0.6,0.7,15.0,7.0,700.0,5.5,0.78,COMPLETE
18,2315.9272547521628,2023-01-29 21:05:12.747605,2023-01-29 21:07:17.357739,0 days 00:02:04.610134,0.6,0.7,15.0,7.0,700.0,5.5,0.78,COMPLETE
21,2315.9272547521628,2023-01-29 21:10:46.851465,2023-01-29 21:12:52.015233,0 days 00:02:05.163768,0.6,0.7,15.0,7.0,700.0,5.5,0.78,COMPLETE
165,2316.0470998513783,2023-01-30 01:31:48.841312,2023-01-30 01:33:18.431636,0 days 00:01:29.590324,0.6,0.6,15.0,9.0,700.0,5.5,0.78,COMPLETE
108,2316.0470998513783,2023-01-29 23:50:47.504681,2023-01-29 23:52:16.788282,0 days 00:01:29.283601,0.6,0.6,15.0,9.0,700.0,5.5,0.78,COMPLETE
35,2316.2064571347605,2023-01-29 21:37:25.422270,2023-01-29 21:39:23.995465,0 days 00:01:58.573195,0.6,0.5,15.0,7.0,700.0,5.5,0.78,COMPLETE
8,2316.3702997699497,2023-01-29 20:48:02.829542,2023-01-29 20:49:50.094017,0 days 00:01:47.264475,0.5,0.5,15.0,7.0,800.0,6.5,0.78,COMPLETE
78,2316.558636065126,2023-01-29 22:55:16.861319,2023-01-29 22:56:51.510102,0 days 00:01:34.648783,0.6,0.6,15.0,8.0,700.0,5.5,0.78,COMPLETE
156,2316.558636065126,2023-01-30 01:16:22.573343,2023-01-30 01:17:57.419100,0 days 00:01:34.845757,0.6,0.6,15.0,8.0,700.0,5.5,0.78,COMPLETE
129,2316.558636065126,2023-01-30 00:28:20.921812,2023-01-30 00:29:55.716090,0 days 00:01:34.794278,0.6,0.6,15.0,8.0,700.0,5.5,0.78,COMPLETE
11,2316.7608734208743,2023-01-29 20:52:55.416608,2023-01-29 20:54:43.801446,0 days 00:01:48.384838,0.6,0.6,15.0,8.0,800.0,6.5,0.78,COMPLETE
27,2316.833038020175,2023-01-29 21:22:18.970218,2023-01-29 21:24:05.208132,0 days 00:01:46.237914,0.5,0.6,15.0,8.0,800.0,5.5,0.78,COMPLETE
29,2316.865148083233,2023-01-29 21:26:04.638755,2023-01-29 21:27:56.334413,0 days 00:01:51.695658,0.5,0.6,15.0,7.0,800.0,6.5,0.78,COMPLETE
0,2316.9264178275434,2023-01-29 20:34:51.728291,2023-01-29 20:36:31.237793,0 days 00:01:39.509502,0.5,0.7,15.0,7.0,700.0,6.5,0.78,COMPLETE
19,2317.0506760779635,2023-01-29 21:07:22.135347,2023-01-29 21:09:21.488491,0 days 00:01:59.353144,0.6,0.7,15.0,8.0,700.0,5.5,0.8,COMPLETE
191,2317.1592815559957,2023-01-30 02:18:40.003616,2023-01-30 02:20:18.244307,0 days 00:01:38.240691,0.4,0.6,15.0,7.0,700.0,5.5,0.78,COMPLETE
48,2317.1592815559957,2023-01-29 22:00:42.143507,2023-01-29 22:02:17.779080,0 days 00:01:35.635573,0.4,0.6,15.0,7.0,700.0,5.5,0.78,COMPLETE
76,2317.1592815559957,2023-01-29 22:51:36.235471,2023-01-29 22:53:24.558901,0 days 00:01:48.323430,0.4,0.6,15.0,7.0,700.0,5.5,0.78,COMPLETE
25,2317.273270276269,2023-01-29 21:18:37.450064,2023-01-29 21:20:16.866497,0 days 00:01:39.416433,0.6,0.6,15.0,7.0,600.0,5.5,0.78,COMPLETE
100,2317.273270276269,2023-01-29 23:36:26.818138,2023-01-29 23:37:57.843236,0 days 00:01:31.025098,0.6,0.6,15.0,7.0,600.0,5.5,0.78,COMPLETE
30,2317.273270276269,2023-01-29 21:28:00.965821,2023-01-29 21:29:25.882172,0 days 00:01:24.916351,0.6,0.6,15.0,7.0,600.0,5.5,0.78,COMPLETE
1,2317.460770769167,2023-01-29 20:36:35.262210,2023-01-29 20:37:54.440058,0 days 00:01:19.177848,0.5,0.5,15.0,7.0,600.0,5.5,0.8,COMPLETE
26,2318.058787456558,2023-01-29 21:20:23.094462,2023-01-29 21:22:07.062695,0 days 00:01:43.968233,0.6,0.6,15.0,8.0,700.0,6.5,0.8,COMPLETE
17,2318.197905307442,2023-01-29 21:03:37.473677,2023-01-29 21:05:07.917754,0 days 00:01:30.444077,0.6,0.7,14.0,8.0,700.0,5.5,0.8,COMPLETE
4,2318.2487728989017,2023-01-29 20:41:00.478352,2023-01-29 20:42:52.088780,0 days 00:01:51.610428,0.6,0.6,15.0,9.0,800.0,5.5,0.8,COMPLETE
13,2318.479966781926,2023-01-29 20:56:32.680103,2023-01-29 20:58:13.913175,0 days 00:01:41.233072,0.6,0.6,15.0,9.0,800.0,6.5,0.78,COMPLETE
36,2318.8319418708866,2023-01-29 21:39:28.727472,2023-01-29 21:40:50.356761,0 days 00:01:21.629289,0.5,0.6,15.0,7.0,600.0,5.5,0.78,COMPLETE
38,2319.3833025490035,2023-01-29 21:42:46.618495,2023-01-29 21:44:08.154942,0 days 00:01:21.536447,0.6,0.5,15.0,7.0,600.0,5.5,0.78,COMPLETE
28,2319.5427389295064,2023-01-29 21:24:11.844584,2023-01-29 21:26:00.444983,0 days 00:01:48.600399,0.6,0.6,15.0,7.0,700.0,6.5,0.8,COMPLETE
16,2319.5557660341756,2023-01-29 21:01:46.159031,2023-01-29 21:03:27.634145,0 days 00:01:41.475114,0.6,0.7,15.0,9.0,700.0,5.5,0.78,COMPLETE
3,2320.139114568156,2023-01-29 20:39:06.086583,2023-01-29 20:40:55.540143,0 days 00:01:49.453560,0.6,0.7,15.0,7.0,700.0,7.5,0.8,COMPLETE
68,2320.2470362616577,2023-01-29 22:35:49.737706,2023-01-29 22:37:30.259277,0 days 00:01:40.521571,0.6,0.6,15.0,9.0,700.0,6.5,0.78,COMPLETE
12,2320.3066694445324,2023-01-29 20:54:50.069227,2023-01-29 20:56:26.552204,0 days 00:01:36.482977,0.4,0.5,15.0,8.0,800.0,6.5,0.78,COMPLETE
159,2321.5208070597014,2023-01-30 01:21:37.966801,2023-01-30 01:22:54.382431,0 days 00:01:16.415630,0.6,0.6,14.0,7.0,700.0,5.5,0.78,COMPLETE
88,2321.5208070597014,2023-01-29 23:14:02.477388,2023-01-29 23:15:29.654702,0 days 00:01:27.177314,0.6,0.6,14.0,7.0,700.0,5.5,0.78,COMPLETE
50,2321.5769744740246,2023-01-29 22:04:05.584617,2023-01-29 22:05:21.984223,0 days 00:01:16.399606,0.5,0.6,15.0,8.0,600.0,5.5,0.78,COMPLETE
10,2321.8088311703546,2023-01-29 20:51:28.703994,2023-01-29 20:52:48.736603,0 days 00:01:20.032609,0.4,0.7,14.0,8.0,800.0,5.5,0.78,COMPLETE
9,2322.566746388046,2023-01-29 20:49:54.733859,2023-01-29 20:51:22.026168,0 days 00:01:27.292309,0.5,0.6,14.0,7.0,700.0,7.5,0.8,COMPLETE
59,2323.2267082060607,2023-01-29 22:19:50.351196,2023-01-29 22:21:17.911672,0 days 00:01:27.560476,0.6,0.6,14.0,7.0,700.0,7.5,0.78,COMPLETE
46,2323.4226375601106,2023-01-29 21:57:18.848285,2023-01-29 21:58:49.564537,0 days 00:01:30.716252,0.5,0.5,14.0,7.0,700.0,5.5,0.78,COMPLETE
14,2324.147127950814,2023-01-29 20:58:20.762648,2023-01-29 20:59:41.650126,0 days 00:01:20.887478,0.4,0.6,14.0,8.0,800.0,7.5,0.8,COMPLETE
20,2324.415911700967,2023-01-29 21:09:26.274438,2023-01-29 21:10:42.441674,0 days 00:01:16.167236,0.6,0.7,14.0,9.0,700.0,7.5,0.78,COMPLETE
7,2324.472610609707,2023-01-29 20:46:42.752611,2023-01-29 20:47:56.309008,0 days 00:01:13.556397,0.5,0.7,15.0,9.0,600.0,6.5,0.78,COMPLETE
119,2326.4393743165974,2023-01-30 00:10:05.217617,2023-01-30 00:11:17.573927,0 days 00:01:12.356310,0.4,0.6,14.0,7.0,700.0,5.5,0.78,COMPLETE
2,2327.648496696072,2023-01-29 20:37:58.663821,2023-01-29 20:38:59.452337,0 days 00:01:00.788516,0.5,0.5,14.0,7.0,600.0,6.5,0.8,COMPLETE
6,2327.883171039906,2023-01-29 20:45:15.048684,2023-01-29 20:46:33.216859,0 days 00:01:18.168175,0.5,0.5,15.0,8.0,600.0,7.5,0.8,COMPLETE
198,,2023-01-30 02:31:12.665765,,,,,,,,,,RUNNING
